Type,ItemType,ItemName
ACTION,Attribute,ACTION_TYPE
ACTION,Attribute,CONFIRM_EXPRESSION
ACTION,Attribute,CONFIRM_TIME_OUT
ACTION,Attribute,DELAY_EXPRESSION
ACTION,Attribute,DELAY_TIME
ACTION,Attribute,DESCRIPTION
ACTION,Attribute,EXPRESSION
ACTION,Attribute,NAME
ACTION,Attribute,QUALIFIER
ACTION,Attribute,UID
ACTUATOR_SENSOR_INTERFACE_DEVICE_TYPE,Attribute,DESCRIPTION
ACTUATOR_SENSOR_INTERFACE_DEVICE_TYPE,Attribute,IDENTIFICATION_CODE
ACTUATOR_SENSOR_INTERFACE_DEVICE_TYPE,Attribute,IO_CONFIGURATION
ACTUATOR_SENSOR_INTERFACE_DEVICE_TYPE,Attribute,NAME
ACTUATOR_SENSOR_INTERFACE_DEVICE_TYPE,Attribute,time
ACTUATOR_SENSOR_INTERFACE_DEVICE_TYPE,Attribute,user
ACTUATOR_SENSOR_INTERFACE_DEVICE_TYPE,SubObject,INPUT_DEFINITION
ACTUATOR_SENSOR_INTERFACE_DEVICE_TYPE,SubObject,OUTPUT_DEFINITION
ACTUATOR_SENSOR_INTERFACE_DEVICE_TYPE,SubObject,PARAMETER_DEFINITION
ADDITIONAL_CONNECTOR,Attribute,ATTRIBUTE
ADDITIONAL_CONNECTOR,Attribute,NAME
ADDITIONAL_CONNECTOR,Attribute,TYPE
ALARM_ANNUNCIATION,Attribute,ALARM_IDENTITY
ALARM_ANNUNCIATION,Attribute,ALARM_SUMMARY
ALARM_ANNUNCIATION,Attribute,AUTO_ACK
ALARM_ANNUNCIATION,Attribute,AUTO_ACK_INACTIVE
ALARM_ANNUNCIATION,Attribute,DESCRIPTION
ALARM_ANNUNCIATION,Attribute,PRIORITY
ALARM_ANNUNCIATION,Attribute,SUPPRESS_SOUND_FOR_ACK_ALARMS
ALARM_ANNUNCIATION,Attribute,UI_NAME
ALARM_ANNUNCIATION,Attribute,WAVE_FILE
ALARM_ANNUNCIATION,Attribute,time
ALARM_ANNUNCIATION,Attribute,user
ALARM_GUIDANCE_SUBSYSTEM,Attribute,ENABLED
ALARM_HELP,Attribute,ALARM_CONSEQUENCE_OF_INACTION
ALARM_HELP,Attribute,ALARM_TIME_TO_RESPOND
ALARM_HELP,Attribute,HELP_TEXT_1
ALARM_HELP,Attribute,HELP_TEXT_2
ALARM_HELP,Attribute,HELP_TEXT_3
ALARM_MASK,Attribute,TYPE
ALARM_MASK,SubObject,MASK48
ALARM_MASK,SubObject,MASKSTATS
ALARM_MASK,SubObject,MASKSUBSYS
ALARM_REPORT,Attribute,AREAS_ALL_TAGS
ALARM_REPORT,Attribute,CREATOR
ALARM_REPORT,Attribute,LAST_RESULT
ALARM_REPORT,Attribute,LAST_RUN_TIME
ALARM_REPORT,Attribute,LOGIC_SOLVERS_ALL_TAGS
ALARM_REPORT,Attribute,MODULES_ALL_TAGS
ALARM_REPORT,Attribute,NAME
ALARM_REPORT,Attribute,NEW_REPORT
ALARM_REPORT,Attribute,NEXT_RUN_TIME
ALARM_REPORT,Attribute,NODES_ALL_TAGS
ALARM_REPORT,Attribute,REPORTFILTERS_ALL_CLASSIFICATIONS
ALARM_REPORT,Attribute,REPORTFILTERS_DEVICE_ALARMS
ALARM_REPORT,Attribute,REPORTFILTERS_ENABLED_ALARMS
ALARM_REPORT,Attribute,REPORTFILTERS_NODE_HARDWARE_ALARMS
ALARM_REPORT,Attribute,REPORTFILTERS_PROCESS_ALARMS
ALARM_REPORT,Attribute,REPORTFILTERS_SIS_DEVICE_ALARMS
ALARM_REPORT,Attribute,REPORTFILTERS_SIS_NODE_HARDWARE_ALARMS
ALARM_REPORT,Attribute,REPORTFILTERS_SIS_PROCESS_ALARMS
ALARM_REPORT,Attribute,REPORTSCHEDULE_SCHEDULE_DISPLAY_STRING
ALARM_REPORT,Attribute,REPORTSCHEDULE_SCHEDULE_RUN_DATE
ALARM_REPORT,Attribute,REPORTSCHEDULE_SCHEDULE_START_TIME
ALARM_REPORT,Attribute,REPORTSCHEDULE_SCHEDULE_TASK_DAILY
ALARM_REPORT,Attribute,REPORTSCHEDULE_SCHEDULE_TASK_TYPE
ALARM_REPORT,Attribute,REPORTSCHEDULE_SCHEDULE_TIME_SPAN
ALARM_REPORT,Attribute,REPORT_PATH
ALARM_REPORT,Attribute,REPORT_TYPE
ALARM_REPORT,Attribute,SCHEDULE_FREQUENCY
ALARM_REPORT,Attribute,SCHEDULE_TIME
ALARM_REPORT,Attribute,STATUS
ALARM_REPORT,Attribute,UNITS_ALL_TAGS
ALARM_REPORT,SubObject,AREAS_TAG_LIST
ALARM_REPORT,SubObject,LOGIC_SOLVERS_TAG_LIST
ALARM_REPORT,SubObject,MODULES_TAG_LIST
ALARM_REPORT,SubObject,NODES_TAG_LIST
ALARM_REPORT,SubObject,REPORT_FILTERS_CLASSIFICATION_CHECKED_LIST
ALARM_REPORT,SubObject,REPORT_FILTERS_CLASSIFICATION_NAMES_LIST
ALARM_REPORT,SubObject,UNITS_TAG_LIST
ALARM_VCR,Attribute,INDEX
ALIAS_DEFINITION,Attribute,DESCRIPTION
ALIAS_DEFINITION,Attribute,NAME
ALIAS_DEFINITION,Attribute,PURPOSE
ALIAS_RESOLUTION,Attribute,DESCRIPTION
ALIAS_RESOLUTION,Attribute,EXPLICITLY_DEASSIGNED
ALIAS_RESOLUTION,Attribute,IGNORE
ALIAS_RESOLUTION,Attribute,NAME
ALIAS_RESOLUTION,Attribute,VALUE
ALLOWED_VALUES,Attribute,VALUE
AREA,Attribute,NAME
AREA_CONTROL_NETWORK,Attribute,IS_BACKUP_TIME_NODE
AREA_CONTROL_NETWORK,Attribute,IS_MASTER_TIME_NODE
AREA_CONTROL_NETWORK,Attribute,PCN_NUMBER
AREA_CONTROL_NETWORK,Attribute,SEGMENT_NUMBER
AREA_CONTROL_NETWORK,Attribute,time
AREA_CONTROL_NETWORK,Attribute,user
ASSIGNED_AREA,Attribute,NAME
ASSIGNED_GATEWAY_IO_SUBSYSTEM,Attribute,ENABLED
ASSIGNED_WIOC_IO_SUBSYSTEM,Attribute,ENABLED
ATTRIBUTE,Attribute,BIT_COUNT
ATTRIBUTE,Attribute,BIT_NUMBER
ATTRIBUTE,Attribute,BYTE_OFFSET
ATTRIBUTE,Attribute,CONFIGURABLE
ATTRIBUTE,Attribute,CONNECTION
ATTRIBUTE,Attribute,DATA_FORMAT
ATTRIBUTE,Attribute,DESCRIPTION
ATTRIBUTE,Attribute,DIAGNOSTIC_CHANNEL
ATTRIBUTE,Attribute,DIRECTION
ATTRIBUTE,Attribute,EDITABLE
ATTRIBUTE,Attribute,EU0
ATTRIBUTE,Attribute,EU100
ATTRIBUTE,Attribute,FIELDBUS
ATTRIBUTE,Attribute,GROUP
ATTRIBUTE,Attribute,HELP_ID
ATTRIBUTE,Attribute,INDEX
ATTRIBUTE,Attribute,LOCK
ATTRIBUTE,Attribute,NAME
ATTRIBUTE,Attribute,NVM
ATTRIBUTE,Attribute,READONLY
ATTRIBUTE,Attribute,TYPE
ATTRIBUTE,Attribute,UPLOADABLE
ATTRIBUTE,Attribute,WORD_ORDER
ATTRIBUTE,SubObject,CATEGORY
ATTRIBUTE,SubObject,RECTANGLE
ATTRIBUTE_INSTANCE,Attribute,ACT1ENB
ATTRIBUTE_INSTANCE,Attribute,ACT1IN
ATTRIBUTE_INSTANCE,Attribute,ACT1OUT
ATTRIBUTE_INSTANCE,Attribute,ACT2ENB
ATTRIBUTE_INSTANCE,Attribute,ACT2IN
ATTRIBUTE_INSTANCE,Attribute,ACT2OUT
ATTRIBUTE_INSTANCE,Attribute,ALARM_DESCRIPTION
ATTRIBUTE_INSTANCE,Attribute,ALARM_FUNCTIONAL_CLASSIFICATION
ATTRIBUTE_INSTANCE,Attribute,ALMATTR
ATTRIBUTE_INSTANCE,Attribute,ATYP
ATTRIBUTE_INSTANCE,Attribute,AUTO_A
ATTRIBUTE_INSTANCE,Attribute,AUTO_P
ATTRIBUTE_INSTANCE,Attribute,BIT_COUNT
ATTRIBUTE_INSTANCE,Attribute,BIT_NUMBER
ATTRIBUTE_INSTANCE,Attribute,BYTE_OFFSET
ATTRIBUTE_INSTANCE,Attribute,CAS_A
ATTRIBUTE_INSTANCE,Attribute,CAS_P
ATTRIBUTE_INSTANCE,Attribute,CHANGEABLE
ATTRIBUTE_INSTANCE,Attribute,CLASS
ATTRIBUTE_INSTANCE,Attribute,CV
ATTRIBUTE_INSTANCE,Attribute,DATA_FORMAT
ATTRIBUTE_INSTANCE,Attribute,DECPT
ATTRIBUTE_INSTANCE,Attribute,DESCRIPTION
ATTRIBUTE_INSTANCE,Attribute,DIAGNOSTIC_CHANNEL
ATTRIBUTE_INSTANCE,Attribute,DOWNLOADED
ATTRIBUTE_INSTANCE,Attribute,ENAB
ATTRIBUTE_INSTANCE,Attribute,ENABLE
ATTRIBUTE_INSTANCE,Attribute,ENUM_SET
ATTRIBUTE_INSTANCE,Attribute,EU0
ATTRIBUTE_INSTANCE,Attribute,EU100
ATTRIBUTE_INSTANCE,Attribute,EXPLICIT_OVERRIDE
ATTRIBUTE_INSTANCE,Attribute,EXPOSE
ATTRIBUTE_INSTANCE,Attribute,EXPOSE_IS_OVERRIDDEN
ATTRIBUTE_INSTANCE,Attribute,EXPRESSION
ATTRIBUTE_INSTANCE,Attribute,HAS_DEFAULT_VALUE
ATTRIBUTE_INSTANCE,Attribute,HELP_TEXT
ATTRIBUTE_INSTANCE,Attribute,IMAN_A
ATTRIBUTE_INSTANCE,Attribute,IMAN_P
ATTRIBUTE_INSTANCE,Attribute,INV
ATTRIBUTE_INSTANCE,Attribute,ISDEFAULTMASK
ATTRIBUTE_INSTANCE,Attribute,LIMATTR
ATTRIBUTE_INSTANCE,Attribute,LINK_PATH_ATTRIBUTE_ID
ATTRIBUTE_INSTANCE,Attribute,LINK_PATH_CLASS_ID
ATTRIBUTE_INSTANCE,Attribute,LINK_PATH_INSTANCE_ID
ATTRIBUTE_INSTANCE,Attribute,LOV_A
ATTRIBUTE_INSTANCE,Attribute,LOV_P
ATTRIBUTE_INSTANCE,Attribute,LSNB
ATTRIBUTE_INSTANCE,Attribute,LSNB_PUB
ATTRIBUTE_INSTANCE,Attribute,LSNB_SLOT
ATTRIBUTE_INSTANCE,Attribute,LSNG
ATTRIBUTE_INSTANCE,Attribute,LSNG_PUB
ATTRIBUTE_INSTANCE,Attribute,LSNG_SLOT
ATTRIBUTE_INSTANCE,Attribute,MANUFACTURER_DEFAULT_VALUE
ATTRIBUTE_INSTANCE,Attribute,MAN_A
ATTRIBUTE_INSTANCE,Attribute,MAN_P
ATTRIBUTE_INSTANCE,Attribute,MASK
ATTRIBUTE_INSTANCE,Attribute,MAXIMUM_VALUE
ATTRIBUTE_INSTANCE,Attribute,MINIMUM_VALUE
ATTRIBUTE_INSTANCE,Attribute,MONATTR
ATTRIBUTE_INSTANCE,Attribute,NAME
ATTRIBUTE_INSTANCE,Attribute,NORMAL
ATTRIBUTE_INSTANCE,Attribute,NSTATES
ATTRIBUTE_INSTANCE,Attribute,NVM
ATTRIBUTE_INSTANCE,Attribute,OOS_A
ATTRIBUTE_INSTANCE,Attribute,OOS_P
ATTRIBUTE_INSTANCE,Attribute,OPTION0
ATTRIBUTE_INSTANCE,Attribute,OPTION1
ATTRIBUTE_INSTANCE,Attribute,OPTION10
ATTRIBUTE_INSTANCE,Attribute,OPTION11
ATTRIBUTE_INSTANCE,Attribute,OPTION12
ATTRIBUTE_INSTANCE,Attribute,OPTION13
ATTRIBUTE_INSTANCE,Attribute,OPTION14
ATTRIBUTE_INSTANCE,Attribute,OPTION15
ATTRIBUTE_INSTANCE,Attribute,OPTION2
ATTRIBUTE_INSTANCE,Attribute,OPTION3
ATTRIBUTE_INSTANCE,Attribute,OPTION4
ATTRIBUTE_INSTANCE,Attribute,OPTION5
ATTRIBUTE_INSTANCE,Attribute,OPTION6
ATTRIBUTE_INSTANCE,Attribute,OPTION7
ATTRIBUTE_INSTANCE,Attribute,OPTION8
ATTRIBUTE_INSTANCE,Attribute,OPTION9
ATTRIBUTE_INSTANCE,Attribute,PARAM1
ATTRIBUTE_INSTANCE,Attribute,PARAM2
ATTRIBUTE_INSTANCE,Attribute,PASSENB
ATTRIBUTE_INSTANCE,Attribute,PASSIN
ATTRIBUTE_INSTANCE,Attribute,PASSOUT
ATTRIBUTE_INSTANCE,Attribute,PRIORITY_NAME
ATTRIBUTE_INSTANCE,Attribute,RCAS_A
ATTRIBUTE_INSTANCE,Attribute,RCAS_P
ATTRIBUTE_INSTANCE,Attribute,REF
ATTRIBUTE_INSTANCE,Attribute,ROUT_A
ATTRIBUTE_INSTANCE,Attribute,ROUT_P
ATTRIBUTE_INSTANCE,Attribute,SET
ATTRIBUTE_INSTANCE,Attribute,SLOT_ASSIGNMENT
ATTRIBUTE_INSTANCE,Attribute,SLOT_REVISION
ATTRIBUTE_INSTANCE,Attribute,STATE0_ENB
ATTRIBUTE_INSTANCE,Attribute,STATE1_ENB
ATTRIBUTE_INSTANCE,Attribute,STATE2_ENB
ATTRIBUTE_INSTANCE,Attribute,STATE3_ENB
ATTRIBUTE_INSTANCE,Attribute,STATE4_ENB
ATTRIBUTE_INSTANCE,Attribute,STATE5_ENB
ATTRIBUTE_INSTANCE,Attribute,STATEIN0
ATTRIBUTE_INSTANCE,Attribute,STATEIN1
ATTRIBUTE_INSTANCE,Attribute,STATEIN2
ATTRIBUTE_INSTANCE,Attribute,STATEIN3
ATTRIBUTE_INSTANCE,Attribute,STATEIN4
ATTRIBUTE_INSTANCE,Attribute,STATEIN5
ATTRIBUTE_INSTANCE,Attribute,STATEOUT0
ATTRIBUTE_INSTANCE,Attribute,STATEOUT1
ATTRIBUTE_INSTANCE,Attribute,STATEOUT2
ATTRIBUTE_INSTANCE,Attribute,STATEOUT3
ATTRIBUTE_INSTANCE,Attribute,STATEOUT4
ATTRIBUTE_INSTANCE,Attribute,STATEOUT5
ATTRIBUTE_INSTANCE,Attribute,STRING_VALUE
ATTRIBUTE_INSTANCE,Attribute,SUPPTIMEOUT
ATTRIBUTE_INSTANCE,Attribute,TARGET
ATTRIBUTE_INSTANCE,Attribute,TYPE
ATTRIBUTE_INSTANCE,Attribute,UNITS
ATTRIBUTE_INSTANCE,Attribute,VALUE_CHANGED
ATTRIBUTE_INSTANCE,Attribute,WORD_ORDER
ATTRIBUTE_INSTANCE,SubObject,ALARM_HELP
ATTRIBUTE_INSTANCE,SubObject,ELEMENT
ATTRIBUTE_INSTANCE,SubObject,ENUMERATION_SET
ATTRIBUTE_INSTANCE,SubObject,HISTORY_DATA_POINT
ATTRIBUTE_INSTANCE,SubObject,ROW
ATTRIBUTE_INSTANCE,SubObject,SCALING_FACTORS
ATTRIBUTE_MATRIX,Attribute,CONNECTION
ATTRIBUTE_MATRIX,Attribute,GROUP
ATTRIBUTE_MATRIX,Attribute,NAME
ATTRIBUTE_MATRIX,Attribute,SIZE
ATTRIBUTE_MATRIX,Attribute,TYPE
ATTRIBUTE_MATRIX,SubObject,CATEGORY
ATTRIBUTE_MATRIX,SubObject,RECTANGLE
ATTRIBUTE_SECURITY,Attribute,time
ATTRIBUTE_SECURITY,Attribute,user
ATTRIBUTE_SECURITY,SubObject,ATTRIBUTE
ATTRIBUTE_USAGE,Attribute,NAME
ATTRIBUTE_USAGE,SubObject,CATEGORY
AUTO_COMMISSIONING_POLICY,Attribute,AUTO_POLICY_ENABLED
AUTO_COMMISSIONING_POLICY,Attribute,NAME
AUTO_COMMISSIONING_POLICY,Attribute,time
AUTO_COMMISSIONING_POLICY,Attribute,user
BATCH_CAMPAIGN_MANAGER_SUBSYSTEM,Attribute,ADD_CAMPAIGN_CONFIRM
BATCH_CAMPAIGN_MANAGER_SUBSYSTEM,Attribute,ADD_CAMPAIGN_ENABLE
BATCH_CAMPAIGN_MANAGER_SUBSYSTEM,Attribute,ADD_CAMPAIGN_PROMPT
BATCH_CAMPAIGN_MANAGER_SUBSYSTEM,Attribute,ADD_CAMPAIGN_VERIFY
BATCH_CAMPAIGN_MANAGER_SUBSYSTEM,Attribute,AUTO_REMOVE_COMPLETED_BATCHES_IN_AUTO_RELEASE_MODE
BATCH_CAMPAIGN_MANAGER_SUBSYSTEM,Attribute,AUTO_REMOVE_COMPLETED_BATCHES_IN_AUTO_START_MODE
BATCH_CAMPAIGN_MANAGER_SUBSYSTEM,Attribute,AUTO_REMOVE_COMPLETED_BATCHES_IN_MANUAL_MODE
BATCH_CAMPAIGN_MANAGER_SUBSYSTEM,Attribute,AUTO_REMOVE_DELAY_TIME
BATCH_CAMPAIGN_MANAGER_SUBSYSTEM,Attribute,BATCH_EXECUTIVE_NODE_ASSOCIATION
BATCH_CAMPAIGN_MANAGER_SUBSYSTEM,Attribute,CONFIGURED_AT_THE_LOCAL_CLIENT
BATCH_CAMPAIGN_MANAGER_SUBSYSTEM,Attribute,CONFIGURE_CLIENT_CONFIRM
BATCH_CAMPAIGN_MANAGER_SUBSYSTEM,Attribute,CONFIGURE_CLIENT_VERIFY
BATCH_CAMPAIGN_MANAGER_SUBSYSTEM,Attribute,CONFIRMER_AND_VERIFIER_SAME_PERSON
BATCH_CAMPAIGN_MANAGER_SUBSYSTEM,Attribute,ENABLED
BATCH_CAMPAIGN_MANAGER_SUBSYSTEM,Attribute,HIDE_COMPLETE_BATCHES
BATCH_CAMPAIGN_MANAGER_SUBSYSTEM,Attribute,MODIFY_BATCH_CONFIRM
BATCH_CAMPAIGN_MANAGER_SUBSYSTEM,Attribute,MODIFY_BATCH_ENABLE
BATCH_CAMPAIGN_MANAGER_SUBSYSTEM,Attribute,MODIFY_BATCH_PROMPT
BATCH_CAMPAIGN_MANAGER_SUBSYSTEM,Attribute,MODIFY_BATCH_VERIFY
BATCH_CAMPAIGN_MANAGER_SUBSYSTEM,Attribute,MODIFY_CAMPAIGN_CONFIRM
BATCH_CAMPAIGN_MANAGER_SUBSYSTEM,Attribute,MODIFY_CAMPAIGN_ENABLE
BATCH_CAMPAIGN_MANAGER_SUBSYSTEM,Attribute,MODIFY_CAMPAIGN_PROMPT
BATCH_CAMPAIGN_MANAGER_SUBSYSTEM,Attribute,MODIFY_CAMPAIGN_VERIFY
BATCH_CAMPAIGN_MANAGER_SUBSYSTEM,Attribute,RELEASE_BATCH_CONFIRM
BATCH_CAMPAIGN_MANAGER_SUBSYSTEM,Attribute,RELEASE_BATCH_ENABLE
BATCH_CAMPAIGN_MANAGER_SUBSYSTEM,Attribute,RELEASE_BATCH_PROMPT
BATCH_CAMPAIGN_MANAGER_SUBSYSTEM,Attribute,RELEASE_BATCH_VERIFY
BATCH_CAMPAIGN_MANAGER_SUBSYSTEM,Attribute,REMOVE_BATCH_CONFIRM
BATCH_CAMPAIGN_MANAGER_SUBSYSTEM,Attribute,REMOVE_BATCH_ENABLE
BATCH_CAMPAIGN_MANAGER_SUBSYSTEM,Attribute,REMOVE_BATCH_PROMPT
BATCH_CAMPAIGN_MANAGER_SUBSYSTEM,Attribute,REMOVE_BATCH_VERIFY
BATCH_CAMPAIGN_MANAGER_SUBSYSTEM,Attribute,REMOVE_CAMPAIGN_CONFIRM
BATCH_CAMPAIGN_MANAGER_SUBSYSTEM,Attribute,REMOVE_CAMPAIGN_ENABLE
BATCH_CAMPAIGN_MANAGER_SUBSYSTEM,Attribute,REMOVE_CAMPAIGN_PROMPT
BATCH_CAMPAIGN_MANAGER_SUBSYSTEM,Attribute,REMOVE_CAMPAIGN_VERIFY
BATCH_CAMPAIGN_MANAGER_SUBSYSTEM,Attribute,SEQUENCE_LENGTH
BATCH_CAMPAIGN_MANAGER_SUBSYSTEM,Attribute,START_BATCH_CONFIRM
BATCH_CAMPAIGN_MANAGER_SUBSYSTEM,Attribute,START_BATCH_ENABLE
BATCH_CAMPAIGN_MANAGER_SUBSYSTEM,Attribute,START_BATCH_PROMPT
BATCH_CAMPAIGN_MANAGER_SUBSYSTEM,Attribute,START_BATCH_VERIFY
BATCH_CAMPAIGN_MANAGER_SUBSYSTEM,Attribute,TIME_BEFORE_CAMPAIGN_JOURNAL_ENTRIES_DELETED
BATCH_CAMPAIGN_MANAGER_SUBSYSTEM,Attribute,UNLOCK_CAMPAIGN_CONFIRM
BATCH_CAMPAIGN_MANAGER_SUBSYSTEM,Attribute,UNLOCK_CAMPAIGN_VERIFY
BATCH_CAMPAIGN_MANAGER_SUBSYSTEM,Attribute,USER_COMMENT_CONFIRM
BATCH_CAMPAIGN_MANAGER_SUBSYSTEM,Attribute,USER_COMMENT_ENABLE
BATCH_CAMPAIGN_MANAGER_SUBSYSTEM,Attribute,USER_COMMENT_PROMPT
BATCH_CAMPAIGN_MANAGER_SUBSYSTEM,Attribute,USER_COMMENT_VERIFY
BATCH_CAMPAIGN_MANAGER_SUBSYSTEM,Attribute,USER_DEFINED_COLORS_FOR_STATES_AND_MODES
BATCH_CAMPAIGN_MANAGER_SUBSYSTEM,SubObject,BATCH_ITEM_LIST
BATCH_CAMPAIGN_MANAGER_SUBSYSTEM,SubObject,BATCH_LIST
BATCH_CAMPAIGN_MANAGER_SUBSYSTEM,SubObject,CAMPAIGN_BATCH_STATE
BATCH_CAMPAIGN_MANAGER_SUBSYSTEM,SubObject,CAMPAIGN_LIST
BATCH_CAMPAIGN_MANAGER_SUBSYSTEM,SubObject,CAMPAIGN_STATE
BATCH_CAMPAIGN_MANAGER_SUBSYSTEM,SubObject,EXECUTION_MODE
BATCH_CAMPAIGN_MANAGER_SUBSYSTEM,SubObject,PARAMETER_LIST
BATCH_CAMPAIGN_MANAGER_SUBSYSTEM,SubObject,UNIT_LIST
BATCH_EQUIPMENT_PHASE_CLASS,Attribute,CATEGORY
BATCH_EQUIPMENT_PHASE_CLASS,Attribute,DESCRIPTION
BATCH_EQUIPMENT_PHASE_CLASS,Attribute,NAME
BATCH_EQUIPMENT_PHASE_CLASS,Attribute,PARTNERS
BATCH_EQUIPMENT_PHASE_CLASS,Attribute,time
BATCH_EQUIPMENT_PHASE_CLASS,Attribute,user
BATCH_EQUIPMENT_PHASE_CLASS,SubObject,BATCH_PHASE_DEFINITION
BATCH_EQUIPMENT_PHASE_CLASS,SubObject,PHASE_CLASS_ALGORITHM
BATCH_EQUIPMENT_UNIT_MODULE,Attribute,CLASS
BATCH_EQUIPMENT_UNIT_MODULE,Attribute,DOWNSTREAM_UNITS_OPTION
BATCH_EQUIPMENT_UNIT_MODULE,Attribute,ID
BATCH_EQUIPMENT_UNIT_MODULE,Attribute,MAX_OWNERS
BATCH_EQUIPMENT_UNIT_MODULE,Attribute,MMI_PICTURE
BATCH_EQUIPMENT_UNIT_MODULE,Attribute,NAME
BATCH_EQUIPMENT_UNIT_MODULE,Attribute,SIMULATED
BATCH_EQUIPMENT_UNIT_MODULE,Attribute,time
BATCH_EQUIPMENT_UNIT_MODULE,Attribute,user
BATCH_EQUIPMENT_UNIT_MODULE,SubObject,UNIT
BATCH_EQUIPMENT_UNIT_MODULE,SubObject,UNIT_MODULE
BATCH_EQUIPMENT_UNIT_MODULE_CLASS,Attribute,CATEGORY
BATCH_EQUIPMENT_UNIT_MODULE_CLASS,Attribute,DESCRIPTION
BATCH_EQUIPMENT_UNIT_MODULE_CLASS,Attribute,NAME
BATCH_EQUIPMENT_UNIT_MODULE_CLASS,Attribute,time
BATCH_EQUIPMENT_UNIT_MODULE_CLASS,Attribute,user
BATCH_EQUIPMENT_UNIT_MODULE_CLASS,SubObject,UNIT_MODULE_DEFINITION
BATCH_EQUIPMENT_UNIT_PHASE,Attribute,ID
BATCH_EQUIPMENT_UNIT_PHASE,Attribute,MAX_OWNERS
BATCH_EQUIPMENT_UNIT_PHASE,Attribute,SIMULATED
BATCH_HISTORIAN_SUBSYSTEM,Attribute,ENABLED
BATCH_IFIX_CONTROL,Attribute,TYPE
BATCH_IFIX_CONTROL,Attribute,VALUE
BATCH_ITEM_LIST,Attribute,COLUMN_ORDER
BATCH_ITEM_LIST,Attribute,COLUMN_TYPE
BATCH_LIST,Attribute,COLUMN_ORDER
BATCH_LIST,Attribute,COLUMN_TYPE
BATCH_SERVER,Attribute,EVENT_FILE_AGE
BATCH_SERVER,Attribute,HOLD_PROPAGATION_LIMIT
BATCH_SERVER,Attribute,MANUAL_PHASE_ATTACH_BEHAVIOUR
BATCH_SERVER,Attribute,NAME
BATCH_SERVER,Attribute,RESTART_BEHAVIOR
BATCH_SERVER,Attribute,REVISION
BATCH_SERVER,Attribute,time
BATCH_SERVER,Attribute,user
BATCH_SUBSYSTEM,Attribute,ENABLED
BATCH_SUBSYSTEM,SubObject,BATCH_SUBSYSTEM_SERVER
BATCH_SUBSYSTEM_SERVER,Attribute,CHANGE_AQUIRED_UNIT_BEHAVIOUR
BATCH_SUBSYSTEM_SERVER,Attribute,EVENT_FILE_AGE
BATCH_SUBSYSTEM_SERVER,Attribute,HOLD_PROPAGATION_LIMIT
BATCH_SUBSYSTEM_SERVER,Attribute,MANUAL_PHASE_ATTACH_BEHAVIOUR
BATCH_SUBSYSTEM_SERVER,Attribute,PROMPT_TIMEOUT
BATCH_SUBSYSTEM_SERVER,Attribute,RECIPE_RESYNCHRONIZATION_BEHAVIOUR
BATCH_SUBSYSTEM_SERVER,Attribute,RESTART_BEHAVIOR
BATCH_SUBSYSTEM_SERVER,Attribute,REVISION
BATCH_SUBSYSTEM_SERVER,SubObject,BATCH_IFIX_CONTROL
BAUD,Attribute,MAX_TSDR_SUPPORT
BAUD,Attribute,RATE
BAUD_SUPPORT,Attribute,time
BAUD_SUPPORT,Attribute,user
BAUD_SUPPORT,SubObject,BAUD
BGD_COLOR,Attribute,BLUE
BGD_COLOR,Attribute,GREEN
BGD_COLOR,Attribute,RED
BOX_GRAPHIC,Attribute,FILL_PATTERN
BOX_GRAPHIC,Attribute,LINE_STYLE
BOX_GRAPHIC,Attribute,LINE_WIDTH
BOX_GRAPHIC,Attribute,NAME
BOX_GRAPHIC,SubObject,BGD_COLOR
BOX_GRAPHIC,SubObject,FGD_COLOR
BOX_GRAPHIC,SubObject,LINE_COLOR
BOX_GRAPHIC,SubObject,RECTANGLE
CAMPAIGN_LIST,Attribute,COLUMN_ORDER
CAMPAIGN_LIST,Attribute,COLUMN_TYPE
CAPABILITY,Attribute,LABEL
CAPABILITY,Attribute,LEVEL
CAPABILITY,Attribute,NAME
CAPABILITY,Attribute,NUMBER_OF_BLOCK_TYPES
CAPABILITY,Attribute,NUMBER_OF_FUNCTION_BLOCK_TYPES
CAPABILITY,Attribute,NUMBER_OF_INSTANTIABLE_BLOCKS
CAPABILITY,Attribute,NUMBER_OF_TRANSDUCER_BLOCK_TYPES
CAPABILITY,SubObject,FUNCTION_BLOCK_TYPE
CATEGORY,Attribute,CATEGORY
CHANNEL,Attribute,NUMBER
CHANNEL,Attribute,TEXT
CHANNEL_DIAGNOSTIC_MESSAGE,Attribute,CV
CHANNEL_DIAGNOSTIC_MESSAGE,SubObject,ENUMERATION_SET
CHANNEL_RESTRICTION,Attribute,NAME
CHANNEL_RESTRICTION,SubObject,CHANNEL
CHARM,Attribute,AUTO_SWITCHBACK_ENABLE
CHARM,Attribute,CABLING_ID
CHARM,Attribute,CARD_SLOT
CHARM,Attribute,CONTROLLER
CHARM,Attribute,CONTROLLER_ASSIGNMENT
CHARM,Attribute,DEFINITION
CHARM,Attribute,DESCRIPTION
CHARM,Attribute,DSTTEMPLATE_APPLIED
CHARM,Attribute,DST_TEMPLATE
CHARM,Attribute,IO_SUBSYSTEM
CHARM,Attribute,IO_TEMPLATE
CHARM,Attribute,REDUNDANT
CHARM,Attribute,TEMPLATE_APPLIED
CHARM,Attribute,TYPICAL_WIRING_DIAGRAM
CHARM,Attribute,time
CHARM,Attribute,user
CHARM,SubObject,ATTRIBUTE_INSTANCE
CHARM,SubObject,SIMPLE_IO_CHANNEL
CHARMS_LOGICSOLVER_INSTALLATION_RECORDS,Attribute,COMMISSIONED
CHARMS_LOGICSOLVER_INSTALLATION_RECORDS,Attribute,NAME
CHARMS_LOGICSOLVER_INSTALLATION_RECORDS,Attribute,SYSTEM_ID
CHARMS_LOGICSOLVER_INSTALLATION_RECORDS,Attribute,time
CHARMS_LOGICSOLVER_INSTALLATION_RECORDS,Attribute,user
CHARMS_LOGICSOLVER_INSTALLATION_RECORDS,SubObject,INSTALLATION_RECORD
CHARMS_LOGIC_SOLVER,Attribute,AUTO_PROOF_TEST
CHARMS_LOGIC_SOLVER,Attribute,CONTROLLER
CHARMS_LOGIC_SOLVER,Attribute,DESCRIPTION
CHARMS_LOGIC_SOLVER,Attribute,DETAIL_DISPLAY
CHARMS_LOGIC_SOLVER,Attribute,ENABLE_FAST_IO_UPDATES
CHARMS_LOGIC_SOLVER,Attribute,ENABLE_KEY_LOCK
CHARMS_LOGIC_SOLVER,Attribute,HARDWARE_ALARMS_ENABLED
CHARMS_LOGIC_SOLVER,Attribute,INSTRUMENT_AREA_DISPLAY
CHARMS_LOGIC_SOLVER,Attribute,LAST_DOWNLOADED_CRC
CHARMS_LOGIC_SOLVER,Attribute,LAST_GENERATED_CRC
CHARMS_LOGIC_SOLVER,Attribute,LOGIC_SOLVER_ID
CHARMS_LOGIC_SOLVER,Attribute,MAC_HARDWARE_ADDRESS
CHARMS_LOGIC_SOLVER,Attribute,NAME
CHARMS_LOGIC_SOLVER,Attribute,PRIMARY_CONTROL_DISPLAY
CHARMS_LOGIC_SOLVER,Attribute,REDUNDANT
CHARMS_LOGIC_SOLVER,Attribute,REMINDER_TIME
CHARMS_LOGIC_SOLVER,Attribute,REPORT_TIME_OUT_OF_SYNC_ERRORS
CHARMS_LOGIC_SOLVER,Attribute,SCAN_RATE
CHARMS_LOGIC_SOLVER,Attribute,SECOND_MAC_HARDWARE_ADDRESS
CHARMS_LOGIC_SOLVER,Attribute,TEST_INTERVAL_TIME
CHARMS_LOGIC_SOLVER,Attribute,time
CHARMS_LOGIC_SOLVER,Attribute,user
CHARMS_LOGIC_SOLVER,SubObject,ATTRIBUTE_INSTANCE
CHARMS_LOGIC_SOLVER,SubObject,COMMUNICATIONS_SUBSYSTEM
CHARMS_LOGIC_SOLVER,SubObject,CONTROL_SUBSYSTEM
CHARMS_LOGIC_SOLVER,SubObject,NON_BOOLEAN_SECURE_PARAMETER_SLOT
CHARMS_LOGIC_SOLVER,SubObject,REDUNDANCY_SUBSYSTEM
CHARMS_LOGIC_SOLVER,SubObject,SECURE_PARAMETER_SLOT
CHARMS_LOGIC_SOLVER,SubObject,SIS_CHARM_IO_SUBSYSTEM
CHARMS_LOGIC_SOLVER,SubObject,VERSION
CHARM_IO_SERVER_NODE,Attribute,COLD_RESTART_TIME
CHARM_IO_SERVER_NODE,Attribute,DESCRIPTION
CHARM_IO_SERVER_NODE,Attribute,DETAIL_DISPLAY
CHARM_IO_SERVER_NODE,Attribute,DEVICE_INDEX
CHARM_IO_SERVER_NODE,Attribute,HARDWARE_ALARMS_ENABLED
CHARM_IO_SERVER_NODE,Attribute,ID
CHARM_IO_SERVER_NODE,Attribute,INSTRUMENT_AREA_DISPLAY
CHARM_IO_SERVER_NODE,Attribute,MAC_HARDWARE_ADDRESS
CHARM_IO_SERVER_NODE,Attribute,NAME
CHARM_IO_SERVER_NODE,Attribute,PLANT_AREA
CHARM_IO_SERVER_NODE,Attribute,PRIMARY_CASCADE_PORT_ENABLED
CHARM_IO_SERVER_NODE,Attribute,PRIMARY_CONTROL_DISPLAY
CHARM_IO_SERVER_NODE,Attribute,REDUNDANT
CHARM_IO_SERVER_NODE,Attribute,REPORT_TIME_OUT_OF_SYNC_ERRORS
CHARM_IO_SERVER_NODE,Attribute,SCAN_RATE
CHARM_IO_SERVER_NODE,Attribute,SECONDARY_CASCADE_PORT_ENABLED
CHARM_IO_SERVER_NODE,Attribute,SECOND_MAC_HARDWARE_ADDRESS
CHARM_IO_SERVER_NODE,Attribute,SIMULATE_CHARMS_ENABLED
CHARM_IO_SERVER_NODE,Attribute,time
CHARM_IO_SERVER_NODE,Attribute,user
CHARM_IO_SERVER_NODE,SubObject,AREA_CONTROL_NETWORK
CHARM_IO_SERVER_NODE,SubObject,ATTRIBUTE_INSTANCE
CHARM_IO_SERVER_NODE,SubObject,CHARM_IO_SUBSYSTEM
CHARM_IO_SERVER_NODE,SubObject,COMMUNICATIONS_SUBSYSTEM
CHARM_IO_SERVER_NODE,SubObject,REDUNDANCY_SUBSYSTEM
CHARM_IO_SERVER_NODE,SubObject,VERSION
CHARM_IO_SUBSYSTEM,Attribute,BASEPLATE_DES1
CHARM_IO_SUBSYSTEM,Attribute,BASEPLATE_DES2
CHARM_IO_SUBSYSTEM,Attribute,BASEPLATE_DES3
CHARM_IO_SUBSYSTEM,Attribute,BASEPLATE_DES4
CHARM_IO_SUBSYSTEM,Attribute,BASEPLATE_DES5
CHARM_IO_SUBSYSTEM,Attribute,BASEPLATE_DES6
CHARM_IO_SUBSYSTEM,Attribute,BASEPLATE_DES7
CHARM_IO_SUBSYSTEM,Attribute,BASEPLATE_DES8
CHARM_IO_SUBSYSTEM,Attribute,BASEPLATE_DESCRIPTIONS_ENABLED
CHARM_IO_SUBSYSTEM,Attribute,ENABLED
CHARM_IO_SUBSYSTEM,Attribute,ONLY_SHOW_DEFINED_CHARMS
CHARM_TYPE_DEFINITION,Attribute,CATEGORY
CHARM_TYPE_DEFINITION,Attribute,CHARM_ID
CHARM_TYPE_DEFINITION,Attribute,CLASS
CHARM_TYPE_DEFINITION,Attribute,DESCRIPTION
CHARM_TYPE_DEFINITION,Attribute,INTRINSICALLY_SAFE_CAPABLE
CHARM_TYPE_DEFINITION,Attribute,LABEL
CHARM_TYPE_DEFINITION,Attribute,NAME
CHARM_TYPE_DEFINITION,Attribute,REDUNDANT_CAPABLE
CHARM_TYPE_DEFINITION,Attribute,UI_STRING
CHARM_TYPE_DEFINITION,Attribute,time
CHARM_TYPE_DEFINITION,Attribute,user
CHARM_TYPE_DEFINITION,SubObject,FEATURE
CHECKED,Attribute,CHECKED
COMMAND_DRIVEN_ALGORITHM,Attribute,COMMAND_SET
COMMAND_DRIVEN_ALGORITHM,Attribute,IS_EQUIPMENT_MODULE
COMMUNICATIONS_SUBSYSTEM,Attribute,COMMUNICATION_TYPE
COMMUNICATIONS_SUBSYSTEM,Attribute,ENABLED
COMMUNICATIONS_SUBSYSTEM,Attribute,RETRY_COUNT
COMMUNICATIONS_SUBSYSTEM,Attribute,TIMEOUT_INTERVAL
CONTROLLER_NODE,Attribute,COLD_RESTART_TIME
CONTROLLER_NODE,Attribute,DESCRIPTION
CONTROLLER_NODE,Attribute,DETAIL_DISPLAY
CONTROLLER_NODE,Attribute,DEVICE_INDEX
CONTROLLER_NODE,Attribute,HARDWARE_ALARMS_ENABLED
CONTROLLER_NODE,Attribute,ID
CONTROLLER_NODE,Attribute,INSTRUMENT_AREA_DISPLAY
CONTROLLER_NODE,Attribute,MAC_HARDWARE_ADDRESS
CONTROLLER_NODE,Attribute,NAME
CONTROLLER_NODE,Attribute,PLANT_AREA
CONTROLLER_NODE,Attribute,PRIMARY_CONTROL_DISPLAY
CONTROLLER_NODE,Attribute,REDUNDANT
CONTROLLER_NODE,Attribute,REPORT_TIME_OUT_OF_SYNC_ERRORS
CONTROLLER_NODE,Attribute,SECOND_MAC_HARDWARE_ADDRESS
CONTROLLER_NODE,Attribute,time
CONTROLLER_NODE,Attribute,user
CONTROLLER_NODE,SubObject,AREA_CONTROL_NETWORK
CONTROLLER_NODE,SubObject,ASSIGNED_GATEWAY_IO_SUBSYSTEM
CONTROLLER_NODE,SubObject,ASSIGNED_WIOC_IO_SUBSYSTEM
CONTROLLER_NODE,SubObject,ATTRIBUTE_INSTANCE
CONTROLLER_NODE,SubObject,COMMUNICATIONS_SUBSYSTEM
CONTROLLER_NODE,SubObject,CONTROL_SUBSYSTEM
CONTROLLER_NODE,SubObject,IO_SUBSYSTEM
CONTROLLER_NODE,SubObject,NVM_SUBSYSTEM
CONTROLLER_NODE,SubObject,REDUNDANCY_SUBSYSTEM
CONTROLLER_NODE,SubObject,REMOTE_IO_SUBSYSTEM
CONTROLLER_NODE,SubObject,SOFTWARE_LICENSE_BUNDLE
CONTROLLER_NODE,SubObject,VERSION
CONTROL_SUBSYSTEM,Attribute,DESCRIPTION
CONTROL_SUBSYSTEM,Attribute,ENABLED
CONTROL_SUBSYSTEM,SubObject,ATTRIBUTE_INSTANCE
DEFAULT_MAJOR_REVISION,Attribute,NAME
DEFAULT_MINOR_REVISION,Attribute,NAME
DEFAULT_SECURITY,Attribute,LOCK
DEFAULT_VERSION,Attribute,NAME
DEVICENET_CARD,Attribute,CARD_SLOT
DEVICENET_CARD,Attribute,CONTROLLER
DEVICENET_CARD,Attribute,DEFINITION
DEVICENET_CARD,Attribute,DESCRIPTION
DEVICENET_CARD,Attribute,IO_SUBSYSTEM
DEVICENET_CARD,Attribute,time
DEVICENET_CARD,Attribute,user
DEVICENET_CARD,SubObject,PORT
DEVICENET_DEVICE,Attribute,DESCRIPTION
DEVICENET_DEVICE,Attribute,DEVICENET_DEVICE_TYPE
DEVICENET_DEVICE,Attribute,INPUT_SIZE
DEVICENET_DEVICE,Attribute,IOPOLLING_ENABLED
DEVICENET_DEVICE,Attribute,MANUFACTURER
DEVICENET_DEVICE,Attribute,NAME
DEVICENET_DEVICE,Attribute,OUTPUT_SIZE
DEVICENET_DEVICE,Attribute,REVISION
DEVICENET_DEVICE,Attribute,time
DEVICENET_DEVICE,Attribute,user
DEVICENET_DEVICE,SubObject,ATTRIBUTE_INSTANCE
DEVICENET_DEVICE,SubObject,PARAMETER
DEVICENET_DEVICE,SubObject,PORT_ASSIGNMENT
DEVICENET_DEVICE,SubObject,SIGNAL
DEVICENET_DEVICE_REVISION,Attribute,DEVICENET_DEVICE_TYPE
DEVICENET_DEVICE_REVISION,Attribute,DEVICE_TYPE
DEVICENET_DEVICE_REVISION,Attribute,DEVICE_TYPE_ID
DEVICENET_DEVICE_REVISION,Attribute,EDS_FILE_DESCRIPTION
DEVICENET_DEVICE_REVISION,Attribute,EDS_FILE_SIGNATURE
DEVICENET_DEVICE_REVISION,Attribute,INPUT_SIZE
DEVICENET_DEVICE_REVISION,Attribute,MANUFACTURER
DEVICENET_DEVICE_REVISION,Attribute,MANUFACTURER_ID
DEVICENET_DEVICE_REVISION,Attribute,MODEL
DEVICENET_DEVICE_REVISION,Attribute,MODEL_ID
DEVICENET_DEVICE_REVISION,Attribute,OUTPUT_SIZE
DEVICENET_DEVICE_REVISION,Attribute,PARAMETER_SAVE_REQUIRED
DEVICENET_DEVICE_REVISION,Attribute,REVISION
DEVICENET_DEVICE_REVISION,Attribute,time
DEVICENET_DEVICE_REVISION,Attribute,user
DEVICENET_DEVICE_REVISION,SubObject,PARAMETER_DEFINITION
DEVICENET_DEVICE_REVISION,SubObject,SIGNAL
DEVICENET_USER_DEVICE_TYPE,Attribute,MANUFACTURER
DEVICENET_USER_DEVICE_TYPE,Attribute,NAME
DEVICENET_USER_DEVICE_TYPE,Attribute,time
DEVICENET_USER_DEVICE_TYPE,Attribute,user
DEVICE_ALARM,Attribute,ACTIVE_CONDITIONS_OBJECT_INDEX
DEVICE_ALARM,Attribute,ALARM_FUNCTIONAL_CLASSIFICATION
DEVICE_ALARM,Attribute,ALARM_OBJECT_INDEX
DEVICE_ALARM,Attribute,ENABLED
DEVICE_ALARM,Attribute,FD_ACTIVE_INDEX
DEVICE_ALARM,Attribute,FD_ALM_INDEX
DEVICE_ALARM,Attribute,FD_MAP_INDEX
DEVICE_ALARM,Attribute,FD_MASK_INDEX
DEVICE_ALARM,Attribute,FD_PRI_INDEX
DEVICE_ALARM,Attribute,NAME
DEVICE_ALARM,Attribute,PRIORITY_DEFAULT
DEVICE_ALARM,Attribute,PRIORITY_OBJECT_INDEX
DEVICE_ALARM,Attribute,SUPPRESSION_MASK_OBJECT_INDEX
DEVICE_ALARM,Attribute,SUPPTIMEOUT
DEVICE_MANUFACTURER,Attribute,FIELDBUS_MANUFACTURER_ID
DEVICE_MANUFACTURER,Attribute,HART_MANUFACTURER_ID
DEVICE_MANUFACTURER,Attribute,NAME
DEVICE_MANUFACTURER,Attribute,PROFINET_MANUFACTURER_ID
DEVICE_MANUFACTURER,Attribute,time
DEVICE_MANUFACTURER,Attribute,user
DEVICE_TAG_EXTRACTION_POLICY,Attribute,AMS_TAG_HART6
DEVICE_TAG_EXTRACTION_POLICY,Attribute,EXPRESSION_STRING_HART5
DEVICE_TAG_EXTRACTION_POLICY,Attribute,EXPRESSION_STRING_HART6
DEVICE_TAG_EXTRACTION_POLICY,Attribute,FIXED_POSITION_END_HART5
DEVICE_TAG_EXTRACTION_POLICY,Attribute,FIXED_POSITION_END_HART6
DEVICE_TAG_EXTRACTION_POLICY,Attribute,FIXED_POSITION_START_HART5
DEVICE_TAG_EXTRACTION_POLICY,Attribute,FIXED_POSITION_START_HART6
DEVICE_TAG_EXTRACTION_POLICY,Attribute,GENERATION_METHOD_HART5
DEVICE_TAG_EXTRACTION_POLICY,Attribute,GENERATION_METHOD_HART6
DEVICE_TAG_EXTRACTION_POLICY,Attribute,HART5_ENABLED
DEVICE_TAG_EXTRACTION_POLICY,Attribute,HART6_ENABLED
DEVICE_TAG_EXTRACTION_POLICY,Attribute,REPLACEMENT_CHARACTER_HART5
DEVICE_TAG_EXTRACTION_POLICY,Attribute,REPLACEMENT_CHARACTER_HART6
DEVICE_TAG_EXTRACTION_POLICY,Attribute,REPLACEMENT_STRING_HART5
DEVICE_TAG_EXTRACTION_POLICY,Attribute,REPLACEMENT_STRING_HART6
DEVICE_TAG_EXTRACTION_POLICY,Attribute,SOURCE_TAG_HART5
DEVICE_TAG_EXTRACTION_POLICY,Attribute,SOURCE_TAG_HART6
DEVICE_TAG_EXTRACTION_POLICY,Attribute,USE_REPLACE_CHAR_HART5
DEVICE_TAG_EXTRACTION_POLICY,Attribute,USE_REPLACE_CHAR_HART6
DEVICE_TAG_EXTRACTION_POLICY,Attribute,time
DEVICE_TAG_EXTRACTION_POLICY,Attribute,user
DOMAINS,Attribute,NAME
DOMAINS,Attribute,time
DOMAINS,Attribute,user
ELECTRONIC_SIGNATURES,Attribute,CONFIRM_VERIFY_SAME
ELECTRONIC_SIGNATURES,Attribute,ELECTRONIC_SIGNATURE_ENABLED
ELECTRONIC_SIGNATURES,Attribute,time
ELEMENT,Attribute,CV
ELEMENT,Attribute,EXPLICIT_OVERRIDE
ELEMENT,Attribute,EXPOSE
ELEMENT,Attribute,EXPOSE_IS_OVERRIDDEN
ELEMENT,Attribute,INDEX
ELLIPSE_GRAPHIC,Attribute,FILL_PATTERN
ELLIPSE_GRAPHIC,Attribute,LINE_STYLE
ELLIPSE_GRAPHIC,Attribute,LINE_WIDTH
ELLIPSE_GRAPHIC,Attribute,NAME
ELLIPSE_GRAPHIC,SubObject,BGD_COLOR
ELLIPSE_GRAPHIC,SubObject,FGD_COLOR
ELLIPSE_GRAPHIC,SubObject,LINE_COLOR
ELLIPSE_GRAPHIC,SubObject,RECTANGLE
END,Attribute,X
END,Attribute,Y
ENGINEERING_UNIT,Attribute,DESCRIPTION
ENGINEERING_UNIT,Attribute,INDEX
ENGINEERING_UNIT,Attribute,NAME
ENGINEERING_UNIT,Attribute,time
ENGINEERING_UNIT,Attribute,user
ENGINEERING_UNITS,Attribute,time
ENGINEERING_UNITS,Attribute,user
ENGINEERING_UNITS,SubObject,ENGINEERING_UNIT
ENGINEERING_UNITS,SubObject,SYSTEM_ENGINEERING_UNIT
ENTRY,Attribute,NAME
ENTRY,Attribute,SELECTABLE
ENTRY,Attribute,VALUE
ENTRY,Attribute,VISIBLE
ENUMERATION_SET,Attribute,CATEGORY
ENUMERATION_SET,Attribute,DEFAULT_VALUE
ENUMERATION_SET,Attribute,DESCRIPTION
ENUMERATION_SET,Attribute,FIXED
ENUMERATION_SET,Attribute,INDEX
ENUMERATION_SET,Attribute,NAME
ENUMERATION_SET,Attribute,time
ENUMERATION_SET,Attribute,user
ENUMERATION_SET,SubObject,ENTRY
ENUMERATION_SET_ID,Attribute,ID
ENUMERATION_SET_ID,Attribute,NAME
ENUMERATION_SET_ID,Attribute,time
ENUMERATION_SET_ID,Attribute,user
ETHERNET_IO_CONTROLLER_NODE,Attribute,COLD_RESTART_TIME
ETHERNET_IO_CONTROLLER_NODE,Attribute,DETAIL_DISPLAY
ETHERNET_IO_CONTROLLER_NODE,Attribute,DEVICE_INDEX
ETHERNET_IO_CONTROLLER_NODE,Attribute,HARDWARE_ALARMS_ENABLED
ETHERNET_IO_CONTROLLER_NODE,Attribute,ID
ETHERNET_IO_CONTROLLER_NODE,Attribute,INSTRUMENT_AREA_DISPLAY
ETHERNET_IO_CONTROLLER_NODE,Attribute,MAC_HARDWARE_ADDRESS
ETHERNET_IO_CONTROLLER_NODE,Attribute,NAME
ETHERNET_IO_CONTROLLER_NODE,Attribute,PLANT_AREA
ETHERNET_IO_CONTROLLER_NODE,Attribute,PRIMARY_CONTROL_DISPLAY
ETHERNET_IO_CONTROLLER_NODE,Attribute,REDUNDANT
ETHERNET_IO_CONTROLLER_NODE,Attribute,REPORT_TIME_OUT_OF_SYNC_ERRORS
ETHERNET_IO_CONTROLLER_NODE,Attribute,SECOND_MAC_HARDWARE_ADDRESS
ETHERNET_IO_CONTROLLER_NODE,Attribute,time
ETHERNET_IO_CONTROLLER_NODE,Attribute,user
ETHERNET_IO_CONTROLLER_NODE,SubObject,AREA_CONTROL_NETWORK
ETHERNET_IO_CONTROLLER_NODE,SubObject,ATTRIBUTE_INSTANCE
ETHERNET_IO_CONTROLLER_NODE,SubObject,COMMUNICATIONS_SUBSYSTEM
ETHERNET_IO_CONTROLLER_NODE,SubObject,CONTROL_SUBSYSTEM
ETHERNET_IO_CONTROLLER_NODE,SubObject,NETWORK_INTERFACE
ETHERNET_IO_CONTROLLER_NODE,SubObject,NVM_SUBSYSTEM
ETHERNET_IO_CONTROLLER_NODE,SubObject,PORT_SUBSYSTEM
ETHERNET_IO_CONTROLLER_NODE,SubObject,REDUNDANCY_SUBSYSTEM
ETHERNET_IO_CONTROLLER_NODE,SubObject,SOFTWARE_LICENSE_BUNDLE
ETHERNET_IO_CONTROLLER_NODE,SubObject,VERSION
ETHERNET_IO_CONTROL_TAG_DEFINITION,Attribute,CATEGORY
ETHERNET_IO_CONTROL_TAG_DEFINITION,Attribute,NAME
ETHERNET_IO_CONTROL_TAG_DEFINITION,Attribute,TYPE
ETHERNET_IO_CONTROL_TAG_DEFINITION,Attribute,time
ETHERNET_IO_CONTROL_TAG_DEFINITION,Attribute,user
ETHERNET_IO_MODBUS_TCP_LOGICAL_DEVICE,Attribute,CONTROLLER
ETHERNET_IO_MODBUS_TCP_LOGICAL_DEVICE,Attribute,DATA_DIRECTION
ETHERNET_IO_MODBUS_TCP_LOGICAL_DEVICE,Attribute,DATA_FORMAT
ETHERNET_IO_MODBUS_TCP_LOGICAL_DEVICE,Attribute,DATA_TYPE
ETHERNET_IO_MODBUS_TCP_LOGICAL_DEVICE,Attribute,DESCRIPTION
ETHERNET_IO_MODBUS_TCP_LOGICAL_DEVICE,Attribute,ENABLED_FULL_MODBUS_RANGE
ETHERNET_IO_MODBUS_TCP_LOGICAL_DEVICE,Attribute,MESSAGE_TIMEOUT
ETHERNET_IO_MODBUS_TCP_LOGICAL_DEVICE,Attribute,MODBUS_DEVICE_ADDRESS
ETHERNET_IO_MODBUS_TCP_LOGICAL_DEVICE,Attribute,NAME
ETHERNET_IO_MODBUS_TCP_LOGICAL_DEVICE,Attribute,NUMBER_OF_VALUES
ETHERNET_IO_MODBUS_TCP_LOGICAL_DEVICE,Attribute,OUTPUT_MODE
ETHERNET_IO_MODBUS_TCP_LOGICAL_DEVICE,Attribute,OUTPUT_READBACK
ETHERNET_IO_MODBUS_TCP_LOGICAL_DEVICE,Attribute,PHYSICAL_DEVICE
ETHERNET_IO_MODBUS_TCP_LOGICAL_DEVICE,Attribute,PORT
ETHERNET_IO_MODBUS_TCP_LOGICAL_DEVICE,Attribute,REGISTER_TYPE
ETHERNET_IO_MODBUS_TCP_LOGICAL_DEVICE,Attribute,RETRY_COUNT
ETHERNET_IO_MODBUS_TCP_LOGICAL_DEVICE,Attribute,START_ADDRESS
ETHERNET_IO_MODBUS_TCP_LOGICAL_DEVICE,Attribute,WORD_ORDER
ETHERNET_IO_MODBUS_TCP_LOGICAL_DEVICE,Attribute,time
ETHERNET_IO_MODBUS_TCP_LOGICAL_DEVICE,Attribute,user
ETHERNET_IO_MODBUS_TCP_LOGICAL_DEVICE,SubObject,SIGNAL
ETHERNET_IO_PHYSICAL_DEVICE,Attribute,ADDRESS
ETHERNET_IO_PHYSICAL_DEVICE,Attribute,CONTROLLER
ETHERNET_IO_PHYSICAL_DEVICE,Attribute,DESCRIPTION
ETHERNET_IO_PHYSICAL_DEVICE,Attribute,NAME
ETHERNET_IO_PHYSICAL_DEVICE,Attribute,PORT
ETHERNET_IO_PHYSICAL_DEVICE,Attribute,PORT_NUMBER
ETHERNET_IO_PHYSICAL_DEVICE,Attribute,PRIMARY_IP_ADDRESS
ETHERNET_IO_PHYSICAL_DEVICE,Attribute,SECONDARY_IP_ADDRESS
ETHERNET_IO_PHYSICAL_DEVICE,Attribute,time
ETHERNET_IO_PHYSICAL_DEVICE,Attribute,user
EU,Attribute,VALUE
EXPOSED_PARAMETER,Attribute,ID
EXPOSED_PARAMETER,Attribute,NAME
EXPOSED_PARAMETER,Attribute,PATH
EXTENSIBLE_ATTRIBUTE,Attribute,COUNT
EXTENSIBLE_ATTRIBUTE,Attribute,NAME
EXTERNAL_ASSET_INTERFACES_SUBSYSTEM,Attribute,ENABLED
FAMILY,Attribute,NAME
FEATURE,Attribute,FEATURE
FGD_COLOR,Attribute,BLUE
FGD_COLOR,Attribute,GREEN
FGD_COLOR,Attribute,RED
FIELD,Attribute,LOCK
FIELD,Attribute,NAME
FIELDBUS_ALARM_LINK_OBJECT,Attribute,INDEX
FIELDBUS_ALARM_LINK_OBJECT,Attribute,VCR
FIELDBUS_DEVICE_DEFINITION_REVISION,Attribute,ALARM_BLOCK_INDEX
FIELDBUS_DEVICE_DEFINITION_REVISION,Attribute,DDREV
FIELDBUS_DEVICE_DEFINITION_REVISION,Attribute,DEVICE_CLASS
FIELDBUS_DEVICE_DEFINITION_REVISION,Attribute,FUNCTION_BLOCK_VFD
FIELDBUS_DEVICE_DEFINITION_REVISION,Attribute,MANUFACTURER
FIELDBUS_DEVICE_DEFINITION_REVISION,Attribute,MAXIMUM_SINGLE_LAS_SCHEDULE_SIZE
FIELDBUS_DEVICE_DEFINITION_REVISION,Attribute,MAX_INSTANTIABLE_FUNCTION_BLOCKS
FIELDBUS_DEVICE_DEFINITION_REVISION,Attribute,NUMBER_OF_CAPABILITY_LEVELS
FIELDBUS_DEVICE_DEFINITION_REVISION,Attribute,NUMBER_OF_INSTANTIABLE_BLOCK_TYPES
FIELDBUS_DEVICE_DEFINITION_REVISION,Attribute,NUMBER_OF_LINK_OBJECTS
FIELDBUS_DEVICE_DEFINITION_REVISION,Attribute,NUMBER_OF_START_LIST_ENTRIES
FIELDBUS_DEVICE_DEFINITION_REVISION,Attribute,NUM_OF_ELEMENTS_PER_SEQUENCE
FIELDBUS_DEVICE_DEFINITION_REVISION,Attribute,NUM_OF_SEQUENCES_PER_SUB_SCHEDULE
FIELDBUS_DEVICE_DEFINITION_REVISION,Attribute,NUM_OF_SUB_SCHEDULES_PER_SCHEDULE
FIELDBUS_DEVICE_DEFINITION_REVISION,Attribute,REVISION
FIELDBUS_DEVICE_DEFINITION_REVISION,Attribute,SUPPORTS_ALARMS
FIELDBUS_DEVICE_DEFINITION_REVISION,Attribute,SUPPORTS_ALARM_REANNUNCIATION
FIELDBUS_DEVICE_DEFINITION_REVISION,Attribute,SUPPORTS_FD_ALARMS
FIELDBUS_DEVICE_DEFINITION_REVISION,Attribute,TYPE
FIELDBUS_DEVICE_DEFINITION_REVISION,Attribute,time
FIELDBUS_DEVICE_DEFINITION_REVISION,Attribute,user
FIELDBUS_DEVICE_DEFINITION_REVISION,SubObject,ALARM_VCR
FIELDBUS_DEVICE_DEFINITION_REVISION,SubObject,CAPABILITY
FIELDBUS_DEVICE_DEFINITION_REVISION,SubObject,CHANNEL_RESTRICTION
FIELDBUS_DEVICE_DEFINITION_REVISION,SubObject,DEVICE_ALARM
FIELDBUS_DEVICE_DEFINITION_REVISION,SubObject,FIELD_FUNCTION_BLOCK
FIELDBUS_DEVICE_DEFINITION_REVISION,SubObject,FREE_VCR
FIELDBUS_DEVICE_DEFINITION_REVISION,SubObject,INSTANTIABLE_FIELD_FUNCTION_BLOCK
FIELDBUS_DEVICE_DEFINITION_REVISION,SubObject,PUBLISHER_VCR
FIELDBUS_DEVICE_DEFINITION_REVISION,SubObject,RESOURCE
FIELDBUS_DEVICE_DEFINITION_REVISION,SubObject,RESOURCE_BLOCK
FIELDBUS_DEVICE_DEFINITION_REVISION,SubObject,SUBSCRIBER_VCR
FIELDBUS_DEVICE_DEFINITION_REVISION,SubObject,TRANSDUCER_BLOCK
FIELDBUS_DEVICE_DEFINITION_REVISION,SubObject,XD_SCALE_UNITS_RESTRICTION
FIELDBUS_DEVICE_PUBLISHER_LINK_OBJECT,Attribute,COMPEL_TIME_OFFSET
FIELDBUS_DEVICE_PUBLISHER_LINK_OBJECT,Attribute,INDEX
FIELDBUS_DEVICE_PUBLISHER_LINK_OBJECT,Attribute,VCR
FIELDBUS_DEVICE_REVISION_CONTAINER,Attribute,MANUFACTURER
FIELDBUS_DEVICE_REVISION_CONTAINER,Attribute,REVISION
FIELDBUS_DEVICE_REVISION_CONTAINER,Attribute,TYPE
FIELDBUS_DEVICE_REVISION_CONTAINER,Attribute,time
FIELDBUS_DEVICE_REVISION_CONTAINER,Attribute,user
FIELDBUS_DEVICE_TYPE,Attribute,DEVICE_TYPE_ID
FIELDBUS_DEVICE_TYPE,Attribute,MANUFACTURER
FIELDBUS_DEVICE_TYPE,Attribute,NAME
FIELDBUS_DEVICE_TYPE,Attribute,time
FIELDBUS_DEVICE_TYPE,Attribute,user
FIELDBUS_IO_CARD,Attribute,AUTO_SWITCHBACK_ENABLE
FIELDBUS_IO_CARD,Attribute,CARD_SLOT
FIELDBUS_IO_CARD,Attribute,CONTROLLER
FIELDBUS_IO_CARD,Attribute,DEFINITION
FIELDBUS_IO_CARD,Attribute,DESCRIPTION
FIELDBUS_IO_CARD,Attribute,IO_SUBSYSTEM
FIELDBUS_IO_CARD,Attribute,REDUNDANT
FIELDBUS_IO_CARD,Attribute,time
FIELDBUS_IO_CARD,Attribute,user
FIELDBUS_IO_CARD,SubObject,FIELDBUS_IO_PORT
FIELDBUS_IO_PORT,Attribute,DEFINITION
FIELDBUS_IO_PORT,Attribute,DESCRIPTION
FIELDBUS_IO_PORT,Attribute,ENABLED
FIELDBUS_IO_PORT,Attribute,ENABLED_AS_LINK_MASTER
FIELDBUS_IO_PORT,Attribute,MACROCYCLE
FIELDBUS_IO_PORT,Attribute,PORT_ADDRESS
FIELDBUS_IO_PORT,Attribute,POSITION
FIELDBUS_IO_PORT,Attribute,SEGMENT_ADDRESS
FIELDBUS_IO_PORT,Attribute,TIME_MASTER_ADDRESS
FIELDBUS_IO_PORT,SubObject,HIGHWAY_INTERFACE_DEVICE
FIELDBUS_LOGICAL_DEVICE,Attribute,ALARMS_ENABLED
FIELDBUS_LOGICAL_DEVICE,Attribute,ALERT_REANNUNCIATION_ENABLED
FIELDBUS_LOGICAL_DEVICE,Attribute,CAPABILITY_LEVEL
FIELDBUS_LOGICAL_DEVICE,Attribute,DDREV
FIELDBUS_LOGICAL_DEVICE,Attribute,DESCRIPTION
FIELDBUS_LOGICAL_DEVICE,Attribute,DEVICE_ALARM_OBJECT
FIELDBUS_LOGICAL_DEVICE,Attribute,FACEPLATE_DISPLAY_NAME
FIELDBUS_LOGICAL_DEVICE,Attribute,FD_ALARMS_ENABLED
FIELDBUS_LOGICAL_DEVICE,Attribute,INTOOLS_DEVICE_ID
FIELDBUS_LOGICAL_DEVICE,Attribute,MANUALLY_SET_DEVICE_ALARM_OBJECT
FIELDBUS_LOGICAL_DEVICE,Attribute,MANUFACTURER
FIELDBUS_LOGICAL_DEVICE,Attribute,NAME
FIELDBUS_LOGICAL_DEVICE,Attribute,PHYSICAL_DEVICE_ID
FIELDBUS_LOGICAL_DEVICE,Attribute,PRIMARY_CONTROL_DISPLAY
FIELDBUS_LOGICAL_DEVICE,Attribute,REVISION
FIELDBUS_LOGICAL_DEVICE,Attribute,TYPE
FIELDBUS_LOGICAL_DEVICE,Attribute,time
FIELDBUS_LOGICAL_DEVICE,Attribute,user
FIELDBUS_LOGICAL_DEVICE,SubObject,DEVICE_ALARM
FIELDBUS_LOGICAL_DEVICE,SubObject,FUNCTION_BLOCK_INSTANCE
FIELDBUS_LOGICAL_DEVICE,SubObject,LINK_OBJECTS
FIELDBUS_LOGICAL_DEVICE,SubObject,PORT_ASSIGNMENT
FIELDBUS_LOGICAL_DEVICE,SubObject,RESOURCE_BLOCK_INSTANCE
FIELDBUS_LOGICAL_DEVICE,SubObject,TRANSDUCER_BLOCK_INSTANCE
FIELDBUS_PHYSICAL_DEVICE,Attribute,DDREV
FIELDBUS_PHYSICAL_DEVICE,Attribute,DESCRIPTION
FIELDBUS_PHYSICAL_DEVICE,Attribute,ID
FIELDBUS_PHYSICAL_DEVICE,Attribute,MANUFACTURER
FIELDBUS_PHYSICAL_DEVICE,Attribute,REVISION
FIELDBUS_PHYSICAL_DEVICE,Attribute,TYPE
FIELDBUS_PHYSICAL_DEVICE,Attribute,time
FIELDBUS_PHYSICAL_DEVICE,Attribute,user
FIELDBUS_PHYSICAL_DEVICE,SubObject,FUNCTION_BLOCK_INSTANCE
FIELDBUS_PHYSICAL_DEVICE,SubObject,PORT_ASSIGNMENT
FIELDBUS_PHYSICAL_DEVICE,SubObject,RESOURCE_BLOCK_INSTANCE
FIELDBUS_PHYSICAL_DEVICE,SubObject,TRANSDUCER_BLOCK_INSTANCE
FIELDBUS_PORT_DEVICE_REVISION,Attribute,DEVICE_CLASS
FIELDBUS_PORT_DEVICE_REVISION,Attribute,FUNCTION_BLOCK_VFD
FIELDBUS_PORT_DEVICE_REVISION,Attribute,MANUFACTURER
FIELDBUS_PORT_DEVICE_REVISION,Attribute,MAXIMUM_INDEX
FIELDBUS_PORT_DEVICE_REVISION,Attribute,MAXIMUM_MEMORY_USAGE
FIELDBUS_PORT_DEVICE_REVISION,Attribute,MAXIMUM_NUMBER_OF_BLOCKS_ON_CARD
FIELDBUS_PORT_DEVICE_REVISION,Attribute,NEXT_INDEX_INTERVAL
FIELDBUS_PORT_DEVICE_REVISION,Attribute,NUMBER_OF_LINK_OBJECTS
FIELDBUS_PORT_DEVICE_REVISION,Attribute,NUMBER_OF_START_LIST_ENTRIES
FIELDBUS_PORT_DEVICE_REVISION,Attribute,REVISION
FIELDBUS_PORT_DEVICE_REVISION,Attribute,START_INDEX
FIELDBUS_PORT_DEVICE_REVISION,Attribute,TYPE
FIELDBUS_PORT_DEVICE_REVISION,Attribute,time
FIELDBUS_PORT_DEVICE_REVISION,Attribute,user
FIELDBUS_PORT_DEVICE_REVISION,SubObject,FREE_VCR
FIELDBUS_PORT_DEVICE_REVISION,SubObject,INSTANTIABLE_FIELD_FUNCTION_BLOCK
FIELDBUS_SUBSCRIBER_LINK_OBJECT,Attribute,INDEX
FIELDBUS_SUBSCRIBER_LINK_OBJECT,Attribute,VCR
FIELDBUS_UNUSED_LINK_OBJECT,Attribute,INDEX
FIELD_FUNCTION_BLOCK,Attribute,CHANNEL_RESTRICTION
FIELD_FUNCTION_BLOCK,Attribute,DD_ITEM_ID
FIELD_FUNCTION_BLOCK,Attribute,DEFAULT_REMOVABLE
FIELD_FUNCTION_BLOCK,Attribute,DEFINITION
FIELD_FUNCTION_BLOCK,Attribute,DESCRIPTION
FIELD_FUNCTION_BLOCK,Attribute,EXECUTION_TIME
FIELD_FUNCTION_BLOCK,Attribute,INDEX
FIELD_FUNCTION_BLOCK,Attribute,NUMBER_OF_PARAMETERS
FIELD_FUNCTION_BLOCK,Attribute,PROFILE
FIELD_FUNCTION_BLOCK,Attribute,PROFILE_REVISION
FIELD_FUNCTION_BLOCK,Attribute,XD_SCALE_UNITS_RESTRICTION
FIELD_FUNCTION_BLOCK,SubObject,PARAMETER
FIELD_SECURITY,Attribute,time
FIELD_SECURITY,Attribute,user
FIELD_SECURITY,SubObject,FIELD
FREE_VCR,Attribute,INDEX
FREE_VCR,Attribute,SELECTOR
FUNCTION_BLOCK,Attribute,ALGORITHM_GENERATED
FUNCTION_BLOCK,Attribute,DEFINITION
FUNCTION_BLOCK,Attribute,DESCRIPTION
FUNCTION_BLOCK,Attribute,ID
FUNCTION_BLOCK,Attribute,NAME
FUNCTION_BLOCK,Attribute,SCAN_MULTIPLIER
FUNCTION_BLOCK,SubObject,ADDITIONAL_CONNECTOR
FUNCTION_BLOCK,SubObject,ATTRIBUTE_USAGE
FUNCTION_BLOCK,SubObject,EXTENSIBLE_ATTRIBUTE
FUNCTION_BLOCK,SubObject,RECTANGLE
FUNCTION_BLOCK_DEFINITION,Attribute,CATEGORY
FUNCTION_BLOCK_DEFINITION,Attribute,DESCRIPTION
FUNCTION_BLOCK_DEFINITION,Attribute,NAME
FUNCTION_BLOCK_DEFINITION,Attribute,time
FUNCTION_BLOCK_DEFINITION,Attribute,user
FUNCTION_BLOCK_DEFINITION,SubObject,ATTRIBUTE
FUNCTION_BLOCK_DEFINITION,SubObject,ATTRIBUTE_INSTANCE
FUNCTION_BLOCK_DEFINITION,SubObject,ATTRIBUTE_MATRIX
FUNCTION_BLOCK_DEFINITION,SubObject,FBD_ALGORITHM
FUNCTION_BLOCK_DEFINITION,SubObject,FUNCTION_BLOCK
FUNCTION_BLOCK_DEFINITION,SubObject,SFC_ALGORITHM
FUNCTION_BLOCK_INSTANCE,Attribute,DESCRIPTION
FUNCTION_BLOCK_INSTANCE,Attribute,INDEX
FUNCTION_BLOCK_INSTANCE,Attribute,TAG
FUNCTION_BLOCK_INSTANCE,SubObject,ATTRIBUTE_INSTANCE
FUNCTION_BLOCK_TEMPLATE,Attribute,DESCRIPTION
FUNCTION_BLOCK_TEMPLATE,Attribute,NAME
FUNCTION_BLOCK_TEMPLATE,Attribute,time
FUNCTION_BLOCK_TEMPLATE,Attribute,user
FUNCTION_BLOCK_TYPE,Attribute,DD_ITEM_ID
FUNCTION_BLOCK_TYPE,Attribute,ID
FUNCTION_BLOCK_TYPE,Attribute,NUMBER_OF_DEFAULT_BLOCKS
FUNCTION_BLOCK_TYPE,Attribute,NUMBER_OF_INSTANTIABLE_BLOCKS
FUNCTION_BLOCK_TYPE,Attribute,NUMBER_OF_PERMANENT_BLOCKS
FUNCTION_BLOCK_TYPE,Attribute,PROFILE
FUNCTION_BLOCK_TYPE,Attribute,PROFILE_REVISION
FUNCTION_BLOCK_TYPE,SubObject,RESOURCE
GATEWAY_IO_SUBSYSTEM,Attribute,DEFINITION
GATEWAY_IO_SUBSYSTEM,Attribute,ENABLED
GRAPHICS,Attribute,ALGORITHM
GRAPHICS,SubObject,BOX_GRAPHIC
GRAPHICS,SubObject,ELLIPSE_GRAPHIC
GRAPHICS,SubObject,LINE_GRAPHIC
GRAPHICS,SubObject,POLYGON_GRAPHIC
GRAPHICS,SubObject,TEXT_GRAPHIC
GROUP,Attribute,DESCRIPTION
GROUP,Attribute,NAME
GROUP,Attribute,time
GROUP,Attribute,user
GROUP,SubObject,LOCK
GROUP,SubObject,SIS_LOCK
GROUP_FOR_AREA,Attribute,AREA
GROUP_FOR_AREA,Attribute,GROUP
HART_DEVICE_DEFINITION_REVISION,Attribute,ALARMS_ENABLED
HART_DEVICE_DEFINITION_REVISION,Attribute,DDREV
HART_DEVICE_DEFINITION_REVISION,Attribute,DESCRIPTION
HART_DEVICE_DEFINITION_REVISION,Attribute,DEVICE_REVISION_ID
HART_DEVICE_DEFINITION_REVISION,Attribute,FACEPLATE_DISPLAY_NAME
HART_DEVICE_DEFINITION_REVISION,Attribute,HART_DEVICE_TYPE
HART_DEVICE_DEFINITION_REVISION,Attribute,MANUFACTURER
HART_DEVICE_DEFINITION_REVISION,Attribute,RESOURCE_PATH
HART_DEVICE_DEFINITION_REVISION,Attribute,REVISION
HART_DEVICE_DEFINITION_REVISION,Attribute,time
HART_DEVICE_DEFINITION_REVISION,Attribute,user
HART_DEVICE_DEFINITION_REVISION,SubObject,ALARM_MASK
HART_DEVICE_DEFINITION_REVISION,SubObject,ATTRIBUTE_INSTANCE
HART_DEVICE_DEFINITION_REVISION,SubObject,DEVICE_ALARM
HART_DEVICE_REVISION_CONTAINER,Attribute,DESCRIPTION
HART_DEVICE_REVISION_CONTAINER,Attribute,DEVICE_REVISION_ID
HART_DEVICE_REVISION_CONTAINER,Attribute,HART_DEVICE_TYPE
HART_DEVICE_REVISION_CONTAINER,Attribute,MANUFACTURER
HART_DEVICE_REVISION_CONTAINER,Attribute,REVISION
HART_DEVICE_REVISION_CONTAINER,Attribute,time
HART_DEVICE_REVISION_CONTAINER,Attribute,user
HART_DEVICE_SIGNAL_TAG,Attribute,ALARMS_ENABLED
HART_DEVICE_SIGNAL_TAG,Attribute,DESCRIPTION
HART_DEVICE_SIGNAL_TAG,Attribute,DEVICE_ALARM_OBJECT
HART_DEVICE_SIGNAL_TAG,Attribute,DEVICE_DEFINITION_REVISION_ID
HART_DEVICE_SIGNAL_TAG,Attribute,DEVICE_REVISION
HART_DEVICE_SIGNAL_TAG,Attribute,DEVICE_REVISION_ID
HART_DEVICE_SIGNAL_TAG,Attribute,DEVICE_TYPE
HART_DEVICE_SIGNAL_TAG,Attribute,DEVICE_TYPE_ID
HART_DEVICE_SIGNAL_TAG,Attribute,FACEPLATE_DISPLAY_NAME
HART_DEVICE_SIGNAL_TAG,Attribute,HART_DEVICE_ID
HART_DEVICE_SIGNAL_TAG,Attribute,HART_TEMPLATE
HART_DEVICE_SIGNAL_TAG,Attribute,MANUALLY_SET_DEVICE_ALARM_OBJECT
HART_DEVICE_SIGNAL_TAG,Attribute,MANUFACTURER
HART_DEVICE_SIGNAL_TAG,Attribute,MANUFACTURER_ID
HART_DEVICE_SIGNAL_TAG,Attribute,NAME
HART_DEVICE_SIGNAL_TAG,Attribute,PRIMARY_CONTROL_DISPLAY
HART_DEVICE_SIGNAL_TAG,Attribute,SUBTYPE
HART_DEVICE_SIGNAL_TAG,Attribute,SUPPORTS_ALARMS
HART_DEVICE_SIGNAL_TAG,Attribute,TEMPLATE_APPLIED
HART_DEVICE_SIGNAL_TAG,Attribute,TYPE
HART_DEVICE_SIGNAL_TAG,SubObject,ALARM_MASK
HART_DEVICE_SIGNAL_TAG,SubObject,ATTRIBUTE_INSTANCE
HART_DEVICE_SIGNAL_TAG,SubObject,DEVICE_ALARM
HART_DEVICE_TYPE,Attribute,DESCRIPTION
HART_DEVICE_TYPE,Attribute,DEVICE_TYPE_ID
HART_DEVICE_TYPE,Attribute,MANUFACTURER
HART_DEVICE_TYPE,Attribute,NAME
HART_DEVICE_TYPE,Attribute,time
HART_DEVICE_TYPE,Attribute,user
HISTORY_DATA_POINT,Attribute,COMPRESSION_ENABLED
HISTORY_DATA_POINT,Attribute,DATA_CHARACTERISTIC
HISTORY_DATA_POINT,Attribute,DATA_REPRESENTATION
HISTORY_DATA_POINT,Attribute,DEVIATION_LIMIT_FOR_COMPRESSION
HISTORY_DATA_POINT,Attribute,ENABLED
HISTORY_DATA_POINT,Attribute,ENTERPRISE_COLLECTION
HISTORY_DATA_POINT,Attribute,EXPOSED
HISTORY_DATA_POINT,Attribute,FIELD
HISTORY_DATA_POINT,Attribute,RECORD_AT_LEAST_EVERY_MINUTES
HISTORY_DATA_POINT,Attribute,SAMPLE_PERIOD_SECONDS
HISTORY_DATA_POINT_INSTANCE,Attribute,NAME
HISTORY_DATA_POINT_INSTANCE,SubObject,HISTORY_DATA_POINT
HISTORY_SUBSYSTEM,Attribute,DATA_SET_EXPORTING_ENABLED
HISTORY_SUBSYSTEM,Attribute,DATA_SET_EXPORT_DIRECTORY_PATH
HISTORY_SUBSYSTEM,Attribute,DATA_SET_EXPORT_FILE_FORMAT
HISTORY_SUBSYSTEM,Attribute,ENABLED
HISTORY_SUBSYSTEM,Attribute,EXPIRATION_PERIOD
HISTORY_SUBSYSTEM,Attribute,EXPIRATION_PERIOD_ENABLED
HISTORY_SUBSYSTEM,Attribute,HISTORIAN_TYPE
HISTORY_SUBSYSTEM,Attribute,HISTORICAL_DATA_ENTRY_ENABLED
HISTORY_SUBSYSTEM,Attribute,PRIMARY_STORAGE_SIZE
HISTORY_SUBSYSTEM,Attribute,ROLLOVER_PERIOD_ENABLED
HISTORY_SUBSYSTEM,Attribute,ROLLOVER_PERIOD_TYPE
HISTORY_SUBSYSTEM,Attribute,ROLLOVER_TARGET_SIZE
HISTORY_SUBSYSTEM,Attribute,TREND_BLOCK_HISTORIAN
HISTORY_SUBSYSTEM,SubObject,ASSIGNED_AREA
INPUT,Attribute,DATA_CONSISTENCY
INPUT,Attribute,DATA_FORMAT
INPUT,Attribute,DATA_LENGTH
INPUT_DEFINITION,Attribute,ENABLED
INPUT_DEFINITION,Attribute,INDEX
INPUT_DEFINITION,Attribute,LABEL
INSTALLATION_RECORD,Attribute,ACTION
INSTALLATION_RECORD,Attribute,ALIASRESOLUTION_SCRIPT
INSTALLATION_RECORD,Attribute,BLOCKTYPE
INSTALLATION_RECORD,Attribute,COMPONENT
INSTALLATION_RECORD,Attribute,CONTAINER
INSTALLATION_RECORD,Attribute,FFFBTAG_SCRIPT
INSTALLATION_RECORD,Attribute,INSTALLED_NAME
INSTALLATION_RECORD,Attribute,INSTALLED_TYPE
INSTALLATION_RECORD,Attribute,OVERRIDE_SCRIPT
INSTALLATION_RECORD,Attribute,PHASETABLE_SCRIPT
INSTALLATION_RECORD,Attribute,RENAMED_ITEM
INSTALLATION_RECORD,Attribute,SCRIPT
INSTALLATION_RECORD,SubObject,INSTALLED_USAGE
INSTALLATION_RECORD,SubObject,UNITPHASE_INSTALLATION_RECORD
INSTALLED_USAGE,Attribute,NAME
INSTANTIABLE_FIELD_FUNCTION_BLOCK,Attribute,DD_ITEM_ID
INSTANTIABLE_FIELD_FUNCTION_BLOCK,Attribute,DEFINITION
INSTANTIABLE_FIELD_FUNCTION_BLOCK,Attribute,DESCRIPTION
INSTANTIABLE_FIELD_FUNCTION_BLOCK,Attribute,EXECUTION_TIME
INSTANTIABLE_FIELD_FUNCTION_BLOCK,Attribute,MAX_INSTANCES
INSTANTIABLE_FIELD_FUNCTION_BLOCK,Attribute,MEMORY_USAGE
INSTANTIABLE_FIELD_FUNCTION_BLOCK,Attribute,NAME
INSTANTIABLE_FIELD_FUNCTION_BLOCK,Attribute,PROFILE
INSTANTIABLE_FIELD_FUNCTION_BLOCK,Attribute,PROFILE_REVISION
INSTANTIABLE_FIELD_FUNCTION_BLOCK,SubObject,ATTRIBUTE
INTEGRATION_NODE,Attribute,CONTROLLER_ALIAS_NAME
INTEGRATION_NODE,Attribute,DESCRIPTION
INTEGRATION_NODE,Attribute,DETAIL_DISPLAY
INTEGRATION_NODE,Attribute,DEVICE_INDEX
INTEGRATION_NODE,Attribute,HARDWARE_ALARMS_ENABLED
INTEGRATION_NODE,Attribute,ID
INTEGRATION_NODE,Attribute,INSTRUMENT_AREA_DISPLAY
INTEGRATION_NODE,Attribute,IS_MASTER_GATEWAY_NODE
INTEGRATION_NODE,Attribute,NAME
INTEGRATION_NODE,Attribute,PLANT_AREA
INTEGRATION_NODE,Attribute,PRIMARY_CONTROL_DISPLAY
INTEGRATION_NODE,Attribute,REDUNDANCY_TYPE
INTEGRATION_NODE,Attribute,REDUNDANT
INTEGRATION_NODE,Attribute,REPORT_TIME_OUT_OF_SYNC_ERRORS
INTEGRATION_NODE,Attribute,UNATTENDED_WORKSTATION_REBOOT
INTEGRATION_NODE,Attribute,time
INTEGRATION_NODE,Attribute,user
INTEGRATION_NODE,SubObject,AREA_CONTROL_NETWORK
INTEGRATION_NODE,SubObject,ATTRIBUTE_INSTANCE
INTEGRATION_NODE,SubObject,BATCH_CAMPAIGN_MANAGER_SUBSYSTEM
INTEGRATION_NODE,SubObject,BATCH_HISTORIAN_SUBSYSTEM
INTEGRATION_NODE,SubObject,BATCH_SUBSYSTEM
INTEGRATION_NODE,SubObject,COMMUNICATIONS_SUBSYSTEM
INTEGRATION_NODE,SubObject,CONTROL_SUBSYSTEM
INTEGRATION_NODE,SubObject,EXTERNAL_ASSET_INTERFACES_SUBSYSTEM
INTEGRATION_NODE,SubObject,HISTORY_SUBSYSTEM
INTEGRATION_NODE,SubObject,IO_SUBSYSTEM
INTEGRATION_NODE,SubObject,JOURNAL_SUBSYSTEM
INTEGRATION_NODE,SubObject,OPCUA_SERVER_SUBSYSTEM
INTEGRATION_NODE,SubObject,OPERATOR_SUBSYSTEM
INTEGRATION_NODE,SubObject,PORT_SUBSYSTEM
INTEGRATION_NODE,SubObject,REMOTE_OPERATION_NETWORK_SUBSYSTEM
INTEGRATION_NODE,SubObject,SOFTWARE_LICENSE_BUNDLE
INTEGRATION_NODE,SubObject,VERSION
INTEGRATION_NODE,SubObject,VIRTUAL_SIS_NETWORK
INTERFACE_CARD_PUBLISHER,Attribute,COMPEL_TIME_OFFSET
INTERFACE_CARD_PUBLISHER,Attribute,INDEX
IO_MODULE_DEFINITION,Attribute,MODULE_REFERENCE_NUMBER
IO_MODULE_DEFINITION,Attribute,NAME
IO_MODULE_DEFINITION,SubObject,CHANNEL_DIAGNOSTIC_MESSAGE
IO_MODULE_DEFINITION,SubObject,INITIAL_PARAMETER_DATA
IO_MODULE_DEFINITION,SubObject,IO_TRANSFER_CONFIGURATION
IO_MODULE_DEFINITION,SubObject,PARAMETER
IO_MODULE_DEFINITION,SubObject,SIGNAL
IO_SUBSYSTEM,Attribute,ENABLED
IO_SUBSYSTEM,Attribute,INDEX
IO_TRANSFER_CONFIGURATION,Attribute,INDEX
IO_TRANSFER_CONFIGURATION,Attribute,SPECIAL_FORMAT
IO_TRANSFER_CONFIGURATION,SubObject,INPUT
IO_TRANSFER_CONFIGURATION,SubObject,MANUFACTURER_SPECIFIC_DATA
IO_TRANSFER_CONFIGURATION,SubObject,OUTPUT
IP,Attribute,ADDRESS
IP,Attribute,ALTERNATE_IP_ADDRESS
IP,Attribute,SUBNET_MASK
JOURNAL_SUBSYSTEM,Attribute,ACTIVE_DATA_SET_STORAGE_TARGET
JOURNAL_SUBSYSTEM,Attribute,ADMIN_HOUR
JOURNAL_SUBSYSTEM,Attribute,ADMIN_MINUTE
JOURNAL_SUBSYSTEM,Attribute,AGE_OF_COPY_EVENTS
JOURNAL_SUBSYSTEM,Attribute,AUTO_EXPORT_DIRECTORY
JOURNAL_SUBSYSTEM,Attribute,AUTO_EXPORT_ENABLED
JOURNAL_SUBSYSTEM,Attribute,CURRENT_DATA_SET_SIZE_TARGET
JOURNAL_SUBSYSTEM,Attribute,CURRENT_DATA_SET_TOTAL_STORAGE_TARGET
JOURNAL_SUBSYSTEM,Attribute,DATABASE_SIZE
JOURNAL_SUBSYSTEM,Attribute,DATA_SET_TIME_SPAN
JOURNAL_SUBSYSTEM,Attribute,DATA_SET_TIME_SPAN_ENABLED
JOURNAL_SUBSYSTEM,Attribute,DAYS_TO_RETAIN_RECORDS
JOURNAL_SUBSYSTEM,Attribute,DESCRIPTION
JOURNAL_SUBSYSTEM,Attribute,DIRECTORY_PATH
JOURNAL_SUBSYSTEM,Attribute,ENABLED
JOURNAL_SUBSYSTEM,Attribute,EXPORT_PATH
JOURNAL_SUBSYSTEM,Attribute,ODBC_DATA_SOURCE_DESCRIPTION
JOURNAL_SUBSYSTEM,Attribute,ODBC_DATA_SOURCE_NAME
JOURNAL_SUBSYSTEM,Attribute,SOE_COLLECTOR
JOURNAL_SUBSYSTEM,Attribute,TEMPORARY_PATH
LINE_COLOR,Attribute,BLUE
LINE_COLOR,Attribute,GREEN
LINE_COLOR,Attribute,RED
LINE_GRAPHIC,Attribute,ARROW_STYLE
LINE_GRAPHIC,Attribute,LINE_STYLE
LINE_GRAPHIC,Attribute,LINE_WIDTH
LINE_GRAPHIC,Attribute,NAME
LINE_GRAPHIC,SubObject,END
LINE_GRAPHIC,SubObject,LINE_COLOR
LINE_GRAPHIC,SubObject,START
LOCALE,Attribute,LOCALE
LOCALE,Attribute,time
LOCALE,Attribute,user
LOCK,Attribute,ID
LOCK,Attribute,NAME
LOCK,Attribute,SCOPE_TYPE
LOCK,Attribute,TYPE
LOCK,Attribute,time
LOCK,Attribute,user
LOCK_FOR_AREA,Attribute,AREA
LOCK_FOR_AREA,Attribute,LOCK
MAJOR_REVISION,Attribute,NAME
MAJOR_REVISION,SubObject,CAPABILITY
MAJOR_REVISION,SubObject,DEFAULT_MINOR_REVISION
MAJOR_REVISION,SubObject,MINOR_REVISION
MINOR_REVISION,Attribute,NAME
MODBUS_DATASET,Attribute,DATA_TYPE
MODBUS_DATASET,Attribute,INDEX
MODBUS_DATASET,Attribute,NUMBER_OF_VALUES
MODBUS_DATASET,SubObject,MODBUS_REGISTER
MODBUS_REGISTER,Attribute,MODULE_REFERENCE
MODBUS_REGISTER,Attribute,NAME
MODBUS_SUBSYSTEM,Attribute,ENABLED
MODBUS_SUBSYSTEM,Attribute,MODBUS_PORT_NUMBER
MODBUS_SUBSYSTEM,Attribute,MODBUS_PRIMARY_PORT_ENABLED
MODBUS_SUBSYSTEM,Attribute,MODBUS_SECONDARY_PORT_ENABLED
MODBUS_SUBSYSTEM,Attribute,PRIMARY_IP_REF
MODBUS_SUBSYSTEM,Attribute,SECONDARY_IP_REF
MODBUS_SUBSYSTEM,SubObject,MODBUS_DATASET
MODULE,Attribute,ASSIGN_BLOCKS_TO_H1_CARD
MODULE,Attribute,CATEGORY
MODULE,Attribute,CONTROLLER
MODULE,Attribute,DESCRIPTION
MODULE,Attribute,DETAIL_DISPLAY
MODULE,Attribute,INSTRUMENT_AREA_DISPLAY
MODULE,Attribute,IS_BOUND_TO_FIELDBUS
MODULE,Attribute,LOOP_EXECUTION_IS_SYNCHRONISED
MODULE,Attribute,LOOP_EXECUTION_OCCURS_IN_H1_CARD
MODULE,Attribute,NVM
MODULE,Attribute,PERIOD
MODULE,Attribute,PERSIST
MODULE,Attribute,PLANT_AREA
MODULE,Attribute,PRIMARY_CONTROL_DISPLAY
MODULE,Attribute,SUB_TYPE
MODULE,Attribute,TAG
MODULE,Attribute,TYPE
MODULE,Attribute,WORK_IN_PROGRESS
MODULE,Attribute,time
MODULE,Attribute,user
MODULE,SubObject,ATTRIBUTE
MODULE,SubObject,ATTRIBUTE_INSTANCE
MODULE,SubObject,ATTRIBUTE_MATRIX
MODULE,SubObject,COMMAND_DRIVEN_ALGORITHM
MODULE,SubObject,FBD_ALGORITHM
MODULE,SubObject,FUNCTION_BLOCK
MODULE,SubObject,MODULE_BLOCK
MODULE,SubObject,SFC_ALGORITHM
MODULE_BLOCK,Attribute,ALLOW_VARIANTS
MODULE_BLOCK,Attribute,DESCRIPTION
MODULE_BLOCK,Attribute,MODULE
MODULE_BLOCK,Attribute,NAME
MODULE_BLOCK,Attribute,OWNERSHIP
MODULE_BLOCK,SubObject,RECTANGLE
MODULE_CLASS,Attribute,CATEGORY
MODULE_CLASS,Attribute,DESCRIPTION
MODULE_CLASS,Attribute,DETAIL_DISPLAY
MODULE_CLASS,Attribute,INSTRUMENT_AREA_DISPLAY
MODULE_CLASS,Attribute,NAME
MODULE_CLASS,Attribute,NVM
MODULE_CLASS,Attribute,PERIOD
MODULE_CLASS,Attribute,PERSIST
MODULE_CLASS,Attribute,PRIMARY_CONTROL_DISPLAY
MODULE_CLASS,Attribute,SUB_TYPE
MODULE_CLASS,Attribute,TYPE
MODULE_CLASS,Attribute,time
MODULE_CLASS,Attribute,user
MODULE_CLASS,SubObject,ATTRIBUTE
MODULE_CLASS,SubObject,ATTRIBUTE_INSTANCE
MODULE_CLASS,SubObject,ATTRIBUTE_MATRIX
MODULE_CLASS,SubObject,EXPOSED_PARAMETER
MODULE_CLASS,SubObject,FBD_ALGORITHM
MODULE_CLASS,SubObject,FUNCTION_BLOCK
MODULE_INSTANCE,Attribute,CATEGORY
MODULE_INSTANCE,Attribute,CONTROLLER
MODULE_INSTANCE,Attribute,DESCRIPTION
MODULE_INSTANCE,Attribute,DETAIL_DISPLAY
MODULE_INSTANCE,Attribute,INSTRUMENT_AREA_DISPLAY
MODULE_INSTANCE,Attribute,IS_BOUND_TO_FIELDBUS
MODULE_INSTANCE,Attribute,MODULE_CLASS
MODULE_INSTANCE,Attribute,NVM
MODULE_INSTANCE,Attribute,PERIOD
MODULE_INSTANCE,Attribute,PERSIST
MODULE_INSTANCE,Attribute,PLANT_AREA
MODULE_INSTANCE,Attribute,PRIMARY_CONTROL_DISPLAY
MODULE_INSTANCE,Attribute,PRINT_BANNER_TITLE1
MODULE_INSTANCE,Attribute,PRINT_BANNER_TITLE2
MODULE_INSTANCE,Attribute,SUB_TYPE
MODULE_INSTANCE,Attribute,TAG
MODULE_INSTANCE,Attribute,TYPE
MODULE_INSTANCE,Attribute,USES_CLASS_SIGNATURE_POLICY
MODULE_INSTANCE,Attribute,WORK_IN_PROGRESS
MODULE_INSTANCE,Attribute,time
MODULE_INSTANCE,Attribute,user
MODULE_INSTANCE,SubObject,ATTRIBUTE_INSTANCE
MODULE_INSTANCE,SubObject,HISTORY_DATA_POINT_INSTANCE
NETWORK_INTERFACE,Attribute,INDEX
NETWORK_INTERFACE,Attribute,NAME
NETWORK_INTERFACE,Attribute,REDUN_TYPE
NETWORK_INTERFACE,SubObject,IP
NETWORK_INTERFACE,SubObject,PORT
NODE_INSTALLATION_RECORDS,Attribute,NODE
NODE_INSTALLATION_RECORDS,Attribute,SYSTEM_ID
NODE_INSTALLATION_RECORDS,Attribute,time
NODE_INSTALLATION_RECORDS,Attribute,user
NODE_INSTALLATION_RECORDS,SubObject,INSTALLATION_RECORD
NODE_TYPE,Attribute,NAME
NODE_TYPE,Attribute,time
NODE_TYPE,Attribute,user
NODE_TYPE,SubObject,CAPABILITY
NODE_TYPE,SubObject,DEFAULT_VERSION
NODE_TYPE,SubObject,VERSION
NON_BOOLEAN_SECURE_PARAMETER_SLOT,Attribute,NAME
OPCUA_SERVER_SUBSYSTEM,Attribute,ALLOW_USER_CERTIFICATE_LOGON
OPCUA_SERVER_SUBSYSTEM,Attribute,ENABLED
OPCUA_SERVER_SUBSYSTEM,Attribute,LOG_RETENTION
OPCUA_SERVER_SUBSYSTEM,Attribute,LOG_SIZE
OPCUA_SERVER_SUBSYSTEM,Attribute,PASSWORD
OPCUA_SERVER_SUBSYSTEM,Attribute,PORT_NUMBER
OPCUA_SERVER_SUBSYSTEM,Attribute,PRIMARY_IP_REF
OPCUA_SERVER_SUBSYSTEM,Attribute,PRIMARY_PORT_ENABLED
OPCUA_SERVER_SUBSYSTEM,Attribute,SECONDARY_IP_REF
OPCUA_SERVER_SUBSYSTEM,Attribute,SECONDARY_PORT_ENABLED
OPCUA_SERVER_SUBSYSTEM,Attribute,USERNAME
OPCUA_SERVER_SUBSYSTEM,Attribute,USER_CERTIFICATE
OPCUA_SERVER_SUBSYSTEM,Attribute,USER_TOKEN_POLICY_ANONYMOUS_ENABLED
OPCUA_SERVER_SUBSYSTEM,Attribute,USER_TOKEN_POLICY_USERNAME_ENABLED
OPCUA_SERVER_SUBSYSTEM,Attribute,WARN_CERTIFICATE_EXPIRE
OPERATION,Attribute,LOCK
OPERATION,Attribute,NAME
OPERATION_SECURITY,Attribute,time
OPERATION_SECURITY,Attribute,user
OPERATION_SECURITY,SubObject,OPERATION
OPERATOR_NODE,Attribute,DESCRIPTION
OPERATOR_NODE,Attribute,DETAIL_DISPLAY
OPERATOR_NODE,Attribute,DEVICE_INDEX
OPERATOR_NODE,Attribute,HARDWARE_ALARMS_ENABLED
OPERATOR_NODE,Attribute,ID
OPERATOR_NODE,Attribute,INSTRUMENT_AREA_DISPLAY
OPERATOR_NODE,Attribute,LOCAL_SYSTEM_ID_KEY_LICENSING_ENABLED
OPERATOR_NODE,Attribute,NAME
OPERATOR_NODE,Attribute,PLANT_AREA
OPERATOR_NODE,Attribute,PRIMARY_CONTROL_DISPLAY
OPERATOR_NODE,Attribute,REDUNDANT
OPERATOR_NODE,Attribute,REPORT_TIME_OUT_OF_SYNC_ERRORS
OPERATOR_NODE,Attribute,time
OPERATOR_NODE,Attribute,user
OPERATOR_NODE,SubObject,AREA_CONTROL_NETWORK
OPERATOR_NODE,SubObject,ATTRIBUTE_INSTANCE
OPERATOR_NODE,SubObject,BATCH_CAMPAIGN_MANAGER_SUBSYSTEM
OPERATOR_NODE,SubObject,BATCH_HISTORIAN_SUBSYSTEM
OPERATOR_NODE,SubObject,BATCH_SUBSYSTEM
OPERATOR_NODE,SubObject,COMMUNICATIONS_SUBSYSTEM
OPERATOR_NODE,SubObject,HISTORY_SUBSYSTEM
OPERATOR_NODE,SubObject,JOURNAL_SUBSYSTEM
OPERATOR_NODE,SubObject,OPERATOR_SUBSYSTEM
OPERATOR_NODE,SubObject,SOFTWARE_LICENSE_BUNDLE
OPERATOR_NODE,SubObject,TERMINAL_SERVER_SUBSYSTEM
OPERATOR_NODE,SubObject,VERSION
OPERATOR_SUBSYSTEM,Attribute,ENABLED
OPERATOR_SUBSYSTEM,Attribute,GLOBAL_ALARM_ACK_GROUP
OPERATOR_SUBSYSTEM,Attribute,RESTRICT_WRITES_TO_AREAS
OPERATOR_SUBSYSTEM,SubObject,AREA
ORIGIN,Attribute,X
ORIGIN,Attribute,Y
OUTPUT,Attribute,DATA_CONSISTENCY
OUTPUT,Attribute,DATA_FORMAT
OUTPUT,Attribute,DATA_LENGTH
OUTPUT_DEFINITION,Attribute,ENABLED
OUTPUT_DEFINITION,Attribute,INDEX
OUTPUT_DEFINITION,Attribute,LABEL
PARAMETER,Attribute,BIT_NUMBER
PARAMETER,Attribute,BYTE_OFFSET
PARAMETER,Attribute,CV
PARAMETER,Attribute,DESCRIPTION
PARAMETER,Attribute,END_BIT
PARAMETER,Attribute,ITEMID
PARAMETER,Attribute,LOCK
PARAMETER,Attribute,NAME
PARAMETER,Attribute,START_BIT
PARAMETER,Attribute,SUBINDEX
PARAMETER,Attribute,TYPE
PARAMETER,SubObject,ALLOWED_VALUES
PARAMETER,SubObject,ENUMERATION_SET
PARAMETER,SubObject,SUB_RANGE
PARAMETER_DEFINITION,Attribute,CV
PARAMETER_DEFINITION,Attribute,DESCRIPTION
PARAMETER_DEFINITION,Attribute,DOWNLOADED
PARAMETER_DEFINITION,Attribute,ENABLED
PARAMETER_DEFINITION,Attribute,HELP_TEXT
PARAMETER_DEFINITION,Attribute,INDEX
PARAMETER_DEFINITION,Attribute,INSTANCE_NUMBER
PARAMETER_DEFINITION,Attribute,LABEL
PARAMETER_DEFINITION,Attribute,LINK_PATH_ATTRIBUTE_ID
PARAMETER_DEFINITION,Attribute,LINK_PATH_CLASS_ID
PARAMETER_DEFINITION,Attribute,LINK_PATH_INSTANCE_ID
PARAMETER_DEFINITION,Attribute,MANUFACTURER_DEFAULT_VALUE
PARAMETER_DEFINITION,Attribute,MAXIMUM_VALUE
PARAMETER_DEFINITION,Attribute,MINIMUM_VALUE
PARAMETER_DEFINITION,Attribute,NAME
PARAMETER_DEFINITION,Attribute,READONLY
PARAMETER_DEFINITION,Attribute,TYPE
PARAMETER_DEFINITION,Attribute,UNITS
PARAMETER_DEFINITION,SubObject,ENUMERATION_SET
PARAMETER_DEFINITION,SubObject,PARAMETER_GROUP
PARAMETER_DEFINITION,SubObject,SCALING_FACTORS
PARAMETER_GROUP,Attribute,NAME
PARAMETER_LIST,Attribute,COLUMN_ORDER
PARAMETER_LIST,Attribute,COLUMN_TYPE
PHASE,Attribute,ALARM_FUNCTIONAL_CLASSIFICATION
PHASE,Attribute,ALARM_NAME
PHASE,Attribute,ALARM_PRIORITY
PHASE,Attribute,ALARM_SUPPRESSIONTIMEOUT
PHASE,Attribute,ALARM_TYPE_NAME
PHASE,Attribute,ALGORITHM
PHASE,Attribute,CLASS
PHASE,Attribute,CRITICAL
PHASE,Attribute,DOWNLOAD
PHASE,Attribute,FAIL_ALARM_ENABLED
PHASE,Attribute,NAME
PHASE,Attribute,SCAN_RATE_MULTIPLIER
PHASE,Attribute,TOO_LONG_TIME
PHASE,SubObject,BATCH_EQUIPMENT_UNIT_PHASE
PHASE_CLASS_ALGORITHM,Attribute,NAME
PHASE_CLASS_ALGORITHM,SubObject,ATTRIBUTE
PHASE_CLASS_ALGORITHM,SubObject,ATTRIBUTE_INSTANCE
PHASE_CLASS_ALGORITHM,SubObject,FUNCTION_BLOCK
PHASE_CLASS_ALGORITHM,SubObject,PHASE_ALGORITHM
PK_CONTROLLER_NODE,Attribute,AUTO_CARRIER_DETECTION
PK_CONTROLLER_NODE,Attribute,AUTO_LOCK_ENABLE
PK_CONTROLLER_NODE,Attribute,AUTO_LOCK_TIME
PK_CONTROLLER_NODE,Attribute,COLD_RESTART_TIME
PK_CONTROLLER_NODE,Attribute,DESCRIPTION
PK_CONTROLLER_NODE,Attribute,DETAIL_DISPLAY
PK_CONTROLLER_NODE,Attribute,DEVICE_INDEX
PK_CONTROLLER_NODE,Attribute,ENABLE_KEY_LOCK
PK_CONTROLLER_NODE,Attribute,HARDWARE_ALARMS_ENABLED
PK_CONTROLLER_NODE,Attribute,ID
PK_CONTROLLER_NODE,Attribute,INSTRUMENT_AREA_DISPLAY
PK_CONTROLLER_NODE,Attribute,MAC_HARDWARE_ADDRESS
PK_CONTROLLER_NODE,Attribute,NAME
PK_CONTROLLER_NODE,Attribute,PLANT_AREA
PK_CONTROLLER_NODE,Attribute,PRIMARY_CONTROL_DISPLAY
PK_CONTROLLER_NODE,Attribute,REDUNDANT
PK_CONTROLLER_NODE,Attribute,REPORT_TIME_OUT_OF_SYNC_ERRORS
PK_CONTROLLER_NODE,Attribute,SECOND_MAC_HARDWARE_ADDRESS
PK_CONTROLLER_NODE,Attribute,UNLOCK_ALERT_ENABLE
PK_CONTROLLER_NODE,Attribute,UNLOCK_ALERT_TIME
PK_CONTROLLER_NODE,Attribute,time
PK_CONTROLLER_NODE,Attribute,user
PK_CONTROLLER_NODE,SubObject,AREA_CONTROL_NETWORK
PK_CONTROLLER_NODE,SubObject,ASSIGNED_GATEWAY_IO_SUBSYSTEM
PK_CONTROLLER_NODE,SubObject,ASSIGNED_WIOC_IO_SUBSYSTEM
PK_CONTROLLER_NODE,SubObject,ATTRIBUTE_INSTANCE
PK_CONTROLLER_NODE,SubObject,COMMUNICATIONS_SUBSYSTEM
PK_CONTROLLER_NODE,SubObject,CONTROL_SUBSYSTEM
PK_CONTROLLER_NODE,SubObject,IO_SUBSYSTEM
PK_CONTROLLER_NODE,SubObject,MODBUS_SUBSYSTEM
PK_CONTROLLER_NODE,SubObject,NETWORK_INTERFACE
PK_CONTROLLER_NODE,SubObject,NVM_SUBSYSTEM
PK_CONTROLLER_NODE,SubObject,OPCUA_SERVER_SUBSYSTEM
PK_CONTROLLER_NODE,SubObject,PORT_SUBSYSTEM
PK_CONTROLLER_NODE,SubObject,PROFINET_IO_SUBSYSTEM
PK_CONTROLLER_NODE,SubObject,REDUNDANCY_SUBSYSTEM
PK_CONTROLLER_NODE,SubObject,REMOTE_IO_SUBSYSTEM
PK_CONTROLLER_NODE,SubObject,SOFTWARE_LICENSE_BUNDLE
PK_CONTROLLER_NODE,SubObject,VERSION
PLANT_AREA,Attribute,DESCRIPTION
PLANT_AREA,Attribute,INDEX
PLANT_AREA,Attribute,NAME
PLANT_AREA,Attribute,SEQUENCE_NUMBER
PLANT_AREA,Attribute,time
PLANT_AREA,Attribute,user
POINT,Attribute,X
POINT,Attribute,Y
POLYGON_GRAPHIC,Attribute,FILL_PATTERN
POLYGON_GRAPHIC,Attribute,LINE_STYLE
POLYGON_GRAPHIC,Attribute,LINE_WIDTH
POLYGON_GRAPHIC,Attribute,NAME
POLYGON_GRAPHIC,SubObject,BGD_COLOR
POLYGON_GRAPHIC,SubObject,FGD_COLOR
POLYGON_GRAPHIC,SubObject,LINE_COLOR
POLYGON_GRAPHIC,SubObject,VERTEX
PORT,Attribute,BAUD_RATE
PORT,Attribute,CONTROLLER_FAILURE_ACTION
PORT,Attribute,DEFINITION
PORT,Attribute,DESCRIPTION
PORT,Attribute,ENABLED
PORT,Attribute,POSITION
PORT,Attribute,VALUE
PORT_ASSIGNMENT,Attribute,ADDRESS
PORT_ASSIGNMENT,Attribute,PATH
PORT_SUBSYSTEM,Attribute,CONTROL_TYPE
PORT_SUBSYSTEM,Attribute,ENABLED
PORT_SUBSYSTEM,Attribute,INFORMATION_MODEL
PORT_SUBSYSTEM,Attribute,PORT_NUMBER
PORT_SUBSYSTEM,Attribute,PRIMARY_DEFAULT_GATEWAY
PORT_SUBSYSTEM,Attribute,PRIMARY_IP_REF
PORT_SUBSYSTEM,Attribute,PROTOCOL_TYPE
PORT_SUBSYSTEM,Attribute,SECONDARY_DEFAULT_GATEWAY
PORT_SUBSYSTEM,Attribute,SECONDARY_IP_REF
PORT_SUBSYSTEM,Attribute,WARN_CERTIFICATE_EXPIRE
POSITION,Attribute,X
POSITION,Attribute,Y
PROCESS_CELL,Attribute,NAME
PROCESS_CELL,Attribute,PLANT_AREA
PROCESS_CELL,Attribute,time
PROCESS_CELL,Attribute,user
PROCESS_CONTROL_NETWORK,Attribute,BROADCAST_INTERVAL
PROCESS_CONTROL_NETWORK,Attribute,MULTICAST
PROCESS_CONTROL_NETWORK,Attribute,NETWORK_NUMBER
PROCESS_CONTROL_NETWORK,Attribute,time
PROCESS_CONTROL_NETWORK,Attribute,user
PROFESSIONAL_PLUS_NODE,Attribute,AUTO_FF_DEVICE_COMMISSION_ENABLED
PROFESSIONAL_PLUS_NODE,Attribute,AUTO_FF_DEVICE_COMMISSION_RECONCILE_ENABLED
PROFESSIONAL_PLUS_NODE,Attribute,AUTO_FF_DEVICE_REPLACEMENT_ENABLED
PROFESSIONAL_PLUS_NODE,Attribute,AUTO_FF_DEVICE_REPLACEMENT_RECONCILE_ENABLED
PROFESSIONAL_PLUS_NODE,Attribute,CONTROLLER_ALIAS_NAME
PROFESSIONAL_PLUS_NODE,Attribute,DETAIL_DISPLAY
PROFESSIONAL_PLUS_NODE,Attribute,DEVICE_INDEX
PROFESSIONAL_PLUS_NODE,Attribute,FLOATING_LICENSE_MANAGEMENT_ENABLED
PROFESSIONAL_PLUS_NODE,Attribute,HARDWARE_ALARMS_ENABLED
PROFESSIONAL_PLUS_NODE,Attribute,ID
PROFESSIONAL_PLUS_NODE,Attribute,INSTRUMENT_AREA_DISPLAY
PROFESSIONAL_PLUS_NODE,Attribute,MYNAH_INTEGRATION_WEB_SERVICE_ENABLED
PROFESSIONAL_PLUS_NODE,Attribute,NAME
PROFESSIONAL_PLUS_NODE,Attribute,PARTICIPATE_IN_HISTORY_ANALYSIS
PROFESSIONAL_PLUS_NODE,Attribute,PLANT_AREA
PROFESSIONAL_PLUS_NODE,Attribute,PRIMARY_CONTROL_DISPLAY
PROFESSIONAL_PLUS_NODE,Attribute,REDUNDANT
PROFESSIONAL_PLUS_NODE,Attribute,REPORT_TIME_OUT_OF_SYNC_ERRORS
PROFESSIONAL_PLUS_NODE,Attribute,time
PROFESSIONAL_PLUS_NODE,Attribute,user
PROFESSIONAL_PLUS_NODE,SubObject,ALARM_GUIDANCE_SUBSYSTEM
PROFESSIONAL_PLUS_NODE,SubObject,AREA_CONTROL_NETWORK
PROFESSIONAL_PLUS_NODE,SubObject,ATTRIBUTE_INSTANCE
PROFESSIONAL_PLUS_NODE,SubObject,BATCH_CAMPAIGN_MANAGER_SUBSYSTEM
PROFESSIONAL_PLUS_NODE,SubObject,BATCH_HISTORIAN_SUBSYSTEM
PROFESSIONAL_PLUS_NODE,SubObject,BATCH_SUBSYSTEM
PROFESSIONAL_PLUS_NODE,SubObject,COMMUNICATIONS_SUBSYSTEM
PROFESSIONAL_PLUS_NODE,SubObject,CONTROL_SUBSYSTEM
PROFESSIONAL_PLUS_NODE,SubObject,HISTORY_SUBSYSTEM
PROFESSIONAL_PLUS_NODE,SubObject,IO_SUBSYSTEM
PROFESSIONAL_PLUS_NODE,SubObject,JOURNAL_SUBSYSTEM
PROFESSIONAL_PLUS_NODE,SubObject,OPCUA_SERVER_SUBSYSTEM
PROFESSIONAL_PLUS_NODE,SubObject,OPERATOR_SUBSYSTEM
PROFESSIONAL_PLUS_NODE,SubObject,PORT_SUBSYSTEM
PROFESSIONAL_PLUS_NODE,SubObject,REMOTE_OPERATION_NETWORK_SUBSYSTEM
PROFESSIONAL_PLUS_NODE,SubObject,SOFTWARE_LICENSE_BUNDLE
PROFESSIONAL_PLUS_NODE,SubObject,TERMINAL_SERVER_SUBSYSTEM
PROFESSIONAL_PLUS_NODE,SubObject,VERSION
PROFESSIONAL_PLUS_NODE,SubObject,VIRTUAL_SIS_NETWORK
PROFIBUS_DEVICE_FAMILY,Attribute,NAME
PROFIBUS_DEVICE_FAMILY,Attribute,time
PROFIBUS_DEVICE_FAMILY,Attribute,user
PROFIBUS_DEVICE_MODEL,Attribute,MANUFACTURER
PROFIBUS_DEVICE_MODEL,Attribute,NAME
PROFIBUS_DEVICE_MODEL,Attribute,time
PROFIBUS_DEVICE_MODEL,Attribute,user
PROFIBUS_DEVICE_REVISION,Attribute,ALLOW_HEX_EDIT
PROFIBUS_DEVICE_REVISION,Attribute,DESCRIPTION
PROFIBUS_DEVICE_REVISION,Attribute,GSD_FILE_SIGNATURE
PROFIBUS_DEVICE_REVISION,Attribute,GSD_REVISION
PROFIBUS_DEVICE_REVISION,Attribute,HARDWARE_RELEASE
PROFIBUS_DEVICE_REVISION,Attribute,IDENTIFICATION_NUMBER
PROFIBUS_DEVICE_REVISION,Attribute,IMPLEMENTATION_TYPE
PROFIBUS_DEVICE_REVISION,Attribute,MANUFACTURER
PROFIBUS_DEVICE_REVISION,Attribute,MAXIMUM_COMBINED_IO_LENGTH
PROFIBUS_DEVICE_REVISION,Attribute,MAXIMUM_DIAGNOSTIC_DATA_LENGTH
PROFIBUS_DEVICE_REVISION,Attribute,MAXIMUM_INPUT_LENGTH
PROFIBUS_DEVICE_REVISION,Attribute,MAXIMUM_MODULES
PROFIBUS_DEVICE_REVISION,Attribute,MAXIMUM_OUTPUT_LENGTH
PROFIBUS_DEVICE_REVISION,Attribute,MAXIMUM_USER_PARAMETER_DATA_LENGTH
PROFIBUS_DEVICE_REVISION,Attribute,MINIMUM_SLAVE_POLL_INTERVAL_MS
PROFIBUS_DEVICE_REVISION,Attribute,MODEL
PROFIBUS_DEVICE_REVISION,Attribute,NAME
PROFIBUS_DEVICE_REVISION,Attribute,OFFSET_OF_FIRST_MODULE
PROFIBUS_DEVICE_REVISION,Attribute,REPEATER_CTRL_SIGNAL
PROFIBUS_DEVICE_REVISION,Attribute,REVISION_NUMBER
PROFIBUS_DEVICE_REVISION,Attribute,SOFTWARE_RELEASE
PROFIBUS_DEVICE_REVISION,Attribute,STATION_TYPE
PROFIBUS_DEVICE_REVISION,Attribute,TWENTY4V_PINS
PROFIBUS_DEVICE_REVISION,Attribute,USER_PARAMETER_DATA_LENGTH
PROFIBUS_DEVICE_REVISION,Attribute,time
PROFIBUS_DEVICE_REVISION,Attribute,user
PROFIBUS_DEVICE_REVISION,SubObject,BAUD_SUPPORT
PROFIBUS_DEVICE_REVISION,SubObject,CHANNEL_DIAGNOSTIC_MESSAGE
PROFIBUS_DEVICE_REVISION,SubObject,ENUMERATION_SET
PROFIBUS_DEVICE_REVISION,SubObject,FAMILY
PROFIBUS_DEVICE_REVISION,SubObject,INITIAL_PARAMETER_DATA
PROFIBUS_DEVICE_REVISION,SubObject,IO_MODULE_DEFINITION
PROFIBUS_DEVICE_REVISION,SubObject,PARAMETER
PROFIBUS_DEVICE_REVISION,SubObject,PROTOCOL_OPTIONS_SUPPORTED
PROFIBUS_DEVICE_REVISION,SubObject,SUB_FAMILY
PROFIBUS_DEVICE_REVISION,SubObject,UNIT_DIAGNOSTIC_MESSAGE
PROFINET_IO_SUBSYSTEM,Attribute,ENABLED
PROTOCOL_OPTIONS_SUPPORTED,Attribute,AUTOMATIC_BAUD_RATE
PROTOCOL_OPTIONS_SUPPORTED,Attribute,FAIL_SAFE
PROTOCOL_OPTIONS_SUPPORTED,Attribute,FMS
PROTOCOL_OPTIONS_SUPPORTED,Attribute,FREEZE_MODE
PROTOCOL_OPTIONS_SUPPORTED,Attribute,REDUNDANCY
PROTOCOL_OPTIONS_SUPPORTED,Attribute,SET_SLAVE_ADDRESS
PROTOCOL_OPTIONS_SUPPORTED,Attribute,SYNC_MODE
PROTOCOL_OPTIONS_SUPPORTED,Attribute,time
PROTOCOL_OPTIONS_SUPPORTED,Attribute,user
PROTOCOL_SPECIFIC_DATA,Attribute,INDEX
PROTOCOL_SPECIFIC_DATA,Attribute,VALUE
PROVOX_CONTROL_IO_CARD,Attribute,CARD_SLOT
PROVOX_CONTROL_IO_CARD,Attribute,CONTROLLER
PROVOX_CONTROL_IO_CARD,Attribute,DEFINITION
PROVOX_CONTROL_IO_CARD,Attribute,DESCRIPTION
PROVOX_CONTROL_IO_CARD,Attribute,FILE
PROVOX_CONTROL_IO_CARD,Attribute,REDUNDANCY_TYPE
PROVOX_CONTROL_IO_CARD,Attribute,SCAN_PRIORITY
PROVOX_CONTROL_IO_CARD,Attribute,time
PROVOX_CONTROL_IO_CARD,Attribute,user
PROVOX_CONTROL_IO_CARD,SubObject,ATTRIBUTE_INSTANCE
PROVOX_CONTROL_IO_CARD,SubObject,PROVOX_CONTROL_IO_CHANNEL
PROVOX_CONTROL_IO_CARD,SubObject,SMART_INPUT_ERRORS
PROVOX_CONTROL_IO_CARD,SubObject,SMART_OUTPUT_ERRORS
PROVOX_CONTROL_IO_CHANNEL,Attribute,DEFINITION
PROVOX_CONTROL_IO_CHANNEL,Attribute,DESCRIPTION
PROVOX_CONTROL_IO_CHANNEL,Attribute,DEVICE_SIGNAL_TAG
PROVOX_CONTROL_IO_CHANNEL,Attribute,ENABLED
PROVOX_CONTROL_IO_CHANNEL,Attribute,POSITION
PROVOX_CONTROL_IO_CHANNEL,SubObject,HART_DEVICE_SIGNAL_TAG
PROVOX_CONTROL_IO_FILE,Attribute,CONTROLLER
PROVOX_CONTROL_IO_FILE,Attribute,FILE_NUMBER
PROVOX_CONTROL_IO_FILE,Attribute,time
PROVOX_CONTROL_IO_FILE,Attribute,user
PROVOX_DISTRIBUTED_IO_CARD,Attribute,CARD_SLOT
PROVOX_DISTRIBUTED_IO_CARD,Attribute,CONTROLLER
PROVOX_DISTRIBUTED_IO_CARD,Attribute,DEFINITION
PROVOX_DISTRIBUTED_IO_CARD,Attribute,DESCRIPTION
PROVOX_DISTRIBUTED_IO_CARD,Attribute,FILE
PROVOX_DISTRIBUTED_IO_CARD,Attribute,SCAN_PRIORITY
PROVOX_DISTRIBUTED_IO_CARD,Attribute,time
PROVOX_DISTRIBUTED_IO_CARD,Attribute,user
PROVOX_DISTRIBUTED_IO_CARD,SubObject,ATTRIBUTE_INSTANCE
PROVOX_DISTRIBUTED_IO_CARD,SubObject,PROVOX_DISTRIBUTED_IO_CHANNEL
PROVOX_DISTRIBUTED_IO_CHANNEL,Attribute,DEFINITION
PROVOX_DISTRIBUTED_IO_CHANNEL,Attribute,DESCRIPTION
PROVOX_DISTRIBUTED_IO_CHANNEL,Attribute,DEVICE_SIGNAL_TAG
PROVOX_DISTRIBUTED_IO_CHANNEL,Attribute,ENABLED
PROVOX_DISTRIBUTED_IO_CHANNEL,Attribute,POSITION
PROVOX_DISTRIBUTED_IO_FILE,Attribute,CONTROLLER
PROVOX_DISTRIBUTED_IO_FILE,Attribute,FILE_NUMBER
PROVOX_DISTRIBUTED_IO_FILE,Attribute,time
PROVOX_DISTRIBUTED_IO_FILE,Attribute,user
PROVOX_IO_SUBSYSTEM,Attribute,ENABLED
PROVOX_MIGRATION_CONTROLLER_NODE,Attribute,COLD_RESTART_TIME
PROVOX_MIGRATION_CONTROLLER_NODE,Attribute,DESCRIPTION
PROVOX_MIGRATION_CONTROLLER_NODE,Attribute,DETAIL_DISPLAY
PROVOX_MIGRATION_CONTROLLER_NODE,Attribute,DEVICE_INDEX
PROVOX_MIGRATION_CONTROLLER_NODE,Attribute,HARDWARE_ALARMS_ENABLED
PROVOX_MIGRATION_CONTROLLER_NODE,Attribute,ID
PROVOX_MIGRATION_CONTROLLER_NODE,Attribute,INSTRUMENT_AREA_DISPLAY
PROVOX_MIGRATION_CONTROLLER_NODE,Attribute,MAC_HARDWARE_ADDRESS
PROVOX_MIGRATION_CONTROLLER_NODE,Attribute,NAME
PROVOX_MIGRATION_CONTROLLER_NODE,Attribute,PLANT_AREA
PROVOX_MIGRATION_CONTROLLER_NODE,Attribute,PRIMARY_CONTROL_DISPLAY
PROVOX_MIGRATION_CONTROLLER_NODE,Attribute,REDUNDANT
PROVOX_MIGRATION_CONTROLLER_NODE,Attribute,REPORT_TIME_OUT_OF_SYNC_ERRORS
PROVOX_MIGRATION_CONTROLLER_NODE,Attribute,SECOND_MAC_HARDWARE_ADDRESS
PROVOX_MIGRATION_CONTROLLER_NODE,Attribute,time
PROVOX_MIGRATION_CONTROLLER_NODE,Attribute,user
PROVOX_MIGRATION_CONTROLLER_NODE,SubObject,AREA_CONTROL_NETWORK
PROVOX_MIGRATION_CONTROLLER_NODE,SubObject,ATTRIBUTE_INSTANCE
PROVOX_MIGRATION_CONTROLLER_NODE,SubObject,COMMUNICATIONS_SUBSYSTEM
PROVOX_MIGRATION_CONTROLLER_NODE,SubObject,CONTROL_SUBSYSTEM
PROVOX_MIGRATION_CONTROLLER_NODE,SubObject,IO_SUBSYSTEM
PROVOX_MIGRATION_CONTROLLER_NODE,SubObject,NVM_SUBSYSTEM
PROVOX_MIGRATION_CONTROLLER_NODE,SubObject,PROVOX_IO_SUBSYSTEM
PROVOX_MIGRATION_CONTROLLER_NODE,SubObject,REDUNDANCY_SUBSYSTEM
PROVOX_MIGRATION_CONTROLLER_NODE,SubObject,REMOTE_IO_SUBSYSTEM
PROVOX_MIGRATION_CONTROLLER_NODE,SubObject,SOFTWARE_LICENSE_BUNDLE
PROVOX_MIGRATION_CONTROLLER_NODE,SubObject,VERSION
PUBLISHER_VCR,Attribute,INDEX
PUBLISHER_VCR,Attribute,PREDEFINED
PUBLISHER_VCR,Attribute,SELECTOR
RECTANGLE,Attribute,H
RECTANGLE,Attribute,W
RECTANGLE,Attribute,X
RECTANGLE,Attribute,Y
REMOTE_IO_NETWORK,Attribute,time
REMOTE_IO_NETWORK,Attribute,user
REMOTE_IO_SUBSYSTEM,Attribute,ENABLED
REMOTE_OPERATION_NETWORK_SUBSYSTEM,Attribute,COMMUNICATION_TYPE
REMOTE_OPERATION_NETWORK_SUBSYSTEM,Attribute,ENABLED
REMOTE_OPERATION_NETWORK_SUBSYSTEM,Attribute,ENCRYPTION
REMOTE_OPERATION_NETWORK_SUBSYSTEM,Attribute,NETWORK_TYPE
REMOTE_OPERATION_NETWORK_SUBSYSTEM,Attribute,NTP_BACKUP
REMOTE_OPERATION_NETWORK_SUBSYSTEM,Attribute,NTP_SERVER
REMOTE_OPERATION_NETWORK_SUBSYSTEM,Attribute,TIMEOUT_INTERVAL
REPORT_FILTERS_CLASSIFICATION_NAMES_LIST,Attribute,NAME
RESERVED_FOR_USER,Attribute,NAME
RESOURCE,Attribute,DESCRIPTION
RESOURCE,Attribute,LEVEL
RESOURCE,Attribute,LIMIT
RESOURCE,Attribute,USAGE
RESOURCE_BLOCK,Attribute,INDEX
RESOURCE_BLOCK,SubObject,PARAMETER
ROW,Attribute,INDEX
ROW,Attribute,VALUES
SAFETY_NETWORK,Attribute,ENABLED
SCALING_FACTORS,Attribute,BASE
SCALING_FACTORS,Attribute,BASE_LINK
SCALING_FACTORS,Attribute,DECIMAL_PRECISION
SCALING_FACTORS,Attribute,DIVISOR
SCALING_FACTORS,Attribute,DIVISOR_LINK
SCALING_FACTORS,Attribute,MULTIPLIER
SCALING_FACTORS,Attribute,MULTIPLIER_LINK
SCALING_FACTORS,Attribute,OFFSET
SCALING_FACTORS,Attribute,OFFSET_LINK
SCALING_FACTORS,Attribute,SCALING_PRECISION
SCHEDULE,Attribute,LAS_REQUIRED
SCHEDULE,Attribute,REQUIRED_MACROCYCLE
SCHEDULE,Attribute,VERSION
SCHEDULE,SubObject,SUB_SCHEDULE
SCHEMA,Attribute,BUILD_ID
SCHEMA,Attribute,BUILD_VERSION
SCHEMA,Attribute,MAINTENANCE_VERSION
SCHEMA,Attribute,MAJOR_VERSION
SCHEMA,Attribute,MINOR_VERSION
SCHEMA,Attribute,ONLINE_UPGRADE
SCHEMA,Attribute,VERSION
SCHEMA,Attribute,VERSION_STR
SCHEMA,Attribute,time
SCHEMA,Attribute,user
SECURE_PARAMETER_SLOT,Attribute,NAME
SEGMENT,Attribute,INDEX
SEGMENT,Attribute,ORDINATE
SEGMENT,Attribute,ORIENTATION
SERIAL_IO_CARD,Attribute,AUTO_SWITCHBACK_ENABLE
SERIAL_IO_CARD,Attribute,CARD_SLOT
SERIAL_IO_CARD,Attribute,CONTROLLER
SERIAL_IO_CARD,Attribute,DEFINITION
SERIAL_IO_CARD,Attribute,DESCRIPTION
SERIAL_IO_CARD,Attribute,IO_SUBSYSTEM
SERIAL_IO_CARD,Attribute,REDUNDANT
SERIAL_IO_CARD,Attribute,time
SERIAL_IO_CARD,Attribute,user
SERIAL_IO_CARD,SubObject,SERIAL_IO_PORT
SERIAL_IO_DATASET,Attribute,ATTRIBUTE_TYPE
SERIAL_IO_DATASET,Attribute,CUSTOM_OUTPUT_MODE
SERIAL_IO_DATASET,Attribute,DATA_DIRECTION
SERIAL_IO_DATASET,Attribute,DESCRIPTION
SERIAL_IO_DATASET,Attribute,DEVICE_DATA_TYPE
SERIAL_IO_DATASET,Attribute,DEVICE_SIGNAL_TAG
SERIAL_IO_DATASET,Attribute,INDEX
SERIAL_IO_DATASET,Attribute,NUMBER_OF_VALUES
SERIAL_IO_DATASET,Attribute,OUTPUT_MODE
SERIAL_IO_DATASET,Attribute,OUTPUT_READBACK
SERIAL_IO_DATASET,Attribute,PLC_DATA_TYPE
SERIAL_IO_DATASET,Attribute,PROTOCOL_SPECIFIC_DATA_SIZE
SERIAL_IO_DATASET,Attribute,START_ADDRESS
SERIAL_IO_DATASET,SubObject,PROTOCOL_SPECIFIC_DATA
SERIAL_IO_DEVICE,Attribute,DESCRIPTION
SERIAL_IO_DEVICE,Attribute,DEVICE_ADDRESS
SERIAL_IO_DEVICE,Attribute,INDEX
SERIAL_IO_DEVICE,SubObject,SERIAL_IO_DATASET
SERIAL_IO_PORT,Attribute,BAUD_RATE
SERIAL_IO_PORT,Attribute,COMMUNICATION_PROTOCOL
SERIAL_IO_PORT,Attribute,DATA_BITS
SERIAL_IO_PORT,Attribute,DEFINITION
SERIAL_IO_PORT,Attribute,DESCRIPTION
SERIAL_IO_PORT,Attribute,ENABLED
SERIAL_IO_PORT,Attribute,MESSAGE_TIMEOUT
SERIAL_IO_PORT,Attribute,MODE
SERIAL_IO_PORT,Attribute,PARITY
SERIAL_IO_PORT,Attribute,PORT_TYPE
SERIAL_IO_PORT,Attribute,POSITION
SERIAL_IO_PORT,Attribute,RETRY_COUNT
SERIAL_IO_PORT,Attribute,SEND_OUTPUT_ON_STARTUP
SERIAL_IO_PORT,Attribute,STOP_BITS
SERIAL_IO_PORT,Attribute,TRANSMIT_DELAY
SERIAL_IO_PORT,SubObject,SERIAL_IO_DEVICE
SFC_ALGORITHM,Attribute,CURRENT_UID
SFC_ALGORITHM,Attribute,INITIAL_STEP
SFC_ALGORITHM,SubObject,GRAPHICS
SFC_ALGORITHM,SubObject,STEP
SFC_ALGORITHM,SubObject,STEP_TRANSITION_CONNECTION
SFC_ALGORITHM,SubObject,TRANSITION
SFC_ALGORITHM,SubObject,TRANSITION_STEP_CONNECTION
SIF_FIELD_SECURITY,Attribute,time
SIF_FIELD_SECURITY,Attribute,user
SIF_FIELD_SECURITY,SubObject,FIELD
SIF_FUNCTION_SECURITY,Attribute,time
SIF_FUNCTION_SECURITY,Attribute,user
SIF_FUNCTION_SECURITY,SubObject,OPERATION
SIF_MODULE,Attribute,CATEGORY
SIF_MODULE,Attribute,CONTAINER_VERSION
SIF_MODULE,Attribute,DESCRIPTION
SIF_MODULE,Attribute,DETAIL_DISPLAY
SIF_MODULE,Attribute,FUNCTION_TEST_APPROVED_DATE_TIME
SIF_MODULE,Attribute,FUNCTION_TEST_STATUS
SIF_MODULE,Attribute,INSTRUMENT_AREA_DISPLAY
SIF_MODULE,Attribute,IS_AUTHORIZED
SIF_MODULE,Attribute,IS_BOUND_TO_FIELDBUS
SIF_MODULE,Attribute,LAST_DOWNLOADED_SIGNAT_CRC
SIF_MODULE,Attribute,LAST_GENERATED_SIGNAT_CRC
SIF_MODULE,Attribute,LOGIC_SOLVER
SIF_MODULE,Attribute,PLANT_AREA
SIF_MODULE,Attribute,PRIMARY_CONTROL_DISPLAY
SIF_MODULE,Attribute,SUB_TYPE
SIF_MODULE,Attribute,TAG
SIF_MODULE,Attribute,TYPE
SIF_MODULE,Attribute,time
SIF_MODULE,Attribute,user
SIF_MODULE,SubObject,ATTRIBUTE
SIF_MODULE,SubObject,ATTRIBUTE_INSTANCE
SIF_MODULE,SubObject,FBD_ALGORITHM
SIF_MODULE,SubObject,FUNCTION_BLOCK
SIF_PARAMETER_SECURITY,Attribute,time
SIF_PARAMETER_SECURITY,Attribute,user
SIF_PARAMETER_SECURITY,SubObject,PARAMETER
SIGNAL,Attribute,ATTRIBUTE_ID
SIGNAL,Attribute,DATA_IDENTIFIER
SIGNAL,Attribute,DESCRIPTION
SIGNAL,Attribute,DEVICE_SIGNAL_TAG
SIGNAL,Attribute,INDEX
SIGNAL,Attribute,NAME
SIGNAL,SubObject,ATTRIBUTE
SIGNAL,SubObject,ATTRIBUTE_INSTANCE
SIMPLE_IO_CARD,Attribute,AUTO_SWITCHBACK_ENABLE
SIMPLE_IO_CARD,Attribute,CARD_SLOT
SIMPLE_IO_CARD,Attribute,CONTROLLER
SIMPLE_IO_CARD,Attribute,CONTROLLER_ASSIGNMENT
SIMPLE_IO_CARD,Attribute,DEFINITION
SIMPLE_IO_CARD,Attribute,DESCRIPTION
SIMPLE_IO_CARD,Attribute,IO_SUBSYSTEM
SIMPLE_IO_CARD,Attribute,IO_TEMPLATE
SIMPLE_IO_CARD,Attribute,ONLY_SHOW_ENABLED_CHANNELS
SIMPLE_IO_CARD,Attribute,REDUNDANT
SIMPLE_IO_CARD,Attribute,TEMPLATE_APPLIED
SIMPLE_IO_CARD,Attribute,time
SIMPLE_IO_CARD,Attribute,user
SIMPLE_IO_CARD,SubObject,ATTRIBUTE_INSTANCE
SIMPLE_IO_CARD,SubObject,SIMPLE_IO_CHANNEL
SIMPLE_IO_CHANNEL,Attribute,DEFINITION
SIMPLE_IO_CHANNEL,Attribute,DESCRIPTION
SIMPLE_IO_CHANNEL,Attribute,DEVICE_SIGNAL_TAG
SIMPLE_IO_CHANNEL,Attribute,ENABLED
SIMPLE_IO_CHANNEL,Attribute,HART_LONG_TAG
SIMPLE_IO_CHANNEL,Attribute,POSITION
SIMPLE_IO_CHANNEL,Attribute,SIS_DST_TEMPLATE
SIMPLE_IO_CHANNEL,Attribute,TEMPLATE_APPLIED
SIMPLE_IO_CHANNEL,SubObject,HART_DEVICE_SIGNAL_TAG
SISNET_DOMAIN,Attribute,INDEX
SISNET_DOMAIN,Attribute,NAME
SISNET_DOMAIN,Attribute,time
SIS_CHARM,Attribute,AUTO_SWITCHBACK_ENABLE
SIS_CHARM,Attribute,CABLING_ID
SIS_CHARM,Attribute,CARD_SLOT
SIS_CHARM,Attribute,CSLS
SIS_CHARM,Attribute,DEFINITION
SIS_CHARM,Attribute,DESCRIPTION
SIS_CHARM,Attribute,IO_SUBSYSTEM
SIS_CHARM,Attribute,time
SIS_CHARM,Attribute,user
SIS_CHARM,SubObject,ATTRIBUTE_INSTANCE
SIS_CHARM,SubObject,SIMPLE_IO_CHANNEL
SIS_CHARM_IO_SUBSYSTEM,Attribute,BASEPLATE_DES1
SIS_CHARM_IO_SUBSYSTEM,Attribute,BASEPLATE_DES2
SIS_CHARM_IO_SUBSYSTEM,Attribute,BASEPLATE_DES3
SIS_CHARM_IO_SUBSYSTEM,Attribute,BASEPLATE_DES4
SIS_CHARM_IO_SUBSYSTEM,Attribute,BASEPLATE_DES5
SIS_CHARM_IO_SUBSYSTEM,Attribute,BASEPLATE_DES6
SIS_CHARM_IO_SUBSYSTEM,Attribute,BASEPLATE_DES7
SIS_CHARM_IO_SUBSYSTEM,Attribute,BASEPLATE_DES8
SIS_CHARM_IO_SUBSYSTEM,Attribute,BASEPLATE_DESCRIPTIONS_ENABLED
SIS_CHARM_IO_SUBSYSTEM,Attribute,DESCRIPTION
SIS_CHARM_IO_SUBSYSTEM,Attribute,ENABLED
SIS_CHARM_IO_SUBSYSTEM,Attribute,ONLY_SHOW_DEFINED_CHARMS
SIS_CONTROLLER_NODE,Attribute,AUTO_LOCK_ENABLE
SIS_CONTROLLER_NODE,Attribute,AUTO_LOCK_TIME
SIS_CONTROLLER_NODE,Attribute,COLD_RESTART_TIME
SIS_CONTROLLER_NODE,Attribute,DESCRIPTION
SIS_CONTROLLER_NODE,Attribute,DETAIL_DISPLAY
SIS_CONTROLLER_NODE,Attribute,DEVICE_INDEX
SIS_CONTROLLER_NODE,Attribute,HARDWARE_ALARMS_ENABLED
SIS_CONTROLLER_NODE,Attribute,ID
SIS_CONTROLLER_NODE,Attribute,INSTRUMENT_AREA_DISPLAY
SIS_CONTROLLER_NODE,Attribute,MAC_HARDWARE_ADDRESS
SIS_CONTROLLER_NODE,Attribute,NAME
SIS_CONTROLLER_NODE,Attribute,PLANT_AREA
SIS_CONTROLLER_NODE,Attribute,PRIMARY_CONTROL_DISPLAY
SIS_CONTROLLER_NODE,Attribute,REDUNDANT
SIS_CONTROLLER_NODE,Attribute,REPORT_TIME_OUT_OF_SYNC_ERRORS
SIS_CONTROLLER_NODE,Attribute,SECOND_MAC_HARDWARE_ADDRESS
SIS_CONTROLLER_NODE,Attribute,UNLOCK_ALERT_ENABLE
SIS_CONTROLLER_NODE,Attribute,UNLOCK_ALERT_TIME
SIS_CONTROLLER_NODE,Attribute,time
SIS_CONTROLLER_NODE,Attribute,user
SIS_CONTROLLER_NODE,SubObject,AREA_CONTROL_NETWORK
SIS_CONTROLLER_NODE,SubObject,ASSIGNED_GATEWAY_IO_SUBSYSTEM
SIS_CONTROLLER_NODE,SubObject,ASSIGNED_WIOC_IO_SUBSYSTEM
SIS_CONTROLLER_NODE,SubObject,ATTRIBUTE_INSTANCE
SIS_CONTROLLER_NODE,SubObject,COMMUNICATIONS_SUBSYSTEM
SIS_CONTROLLER_NODE,SubObject,CONTROL_SUBSYSTEM
SIS_CONTROLLER_NODE,SubObject,MODBUS_SUBSYSTEM
SIS_CONTROLLER_NODE,SubObject,NETWORK_INTERFACE
SIS_CONTROLLER_NODE,SubObject,NVM_SUBSYSTEM
SIS_CONTROLLER_NODE,SubObject,REDUNDANCY_SUBSYSTEM
SIS_CONTROLLER_NODE,SubObject,REMOTE_IO_SUBSYSTEM
SIS_CONTROLLER_NODE,SubObject,SAFETY_NETWORK
SIS_CONTROLLER_NODE,SubObject,SOFTWARE_LICENSE_BUNDLE
SIS_CONTROLLER_NODE,SubObject,VERSION
SIS_DEFAULT_SECURITY,Attribute,LOCK
SIS_ENUMERATION_SET,Attribute,CATEGORY
SIS_ENUMERATION_SET,Attribute,DEFAULT_VALUE
SIS_ENUMERATION_SET,Attribute,DESCRIPTION
SIS_ENUMERATION_SET,Attribute,FIXED
SIS_ENUMERATION_SET,Attribute,NAME
SIS_ENUMERATION_SET,Attribute,time
SIS_ENUMERATION_SET,Attribute,user
SIS_ENUMERATION_SET,SubObject,ENTRY
SIS_ENUMERATION_SET_ID,Attribute,ID
SIS_ENUMERATION_SET_ID,Attribute,NAME
SIS_ENUMERATION_SET_ID,Attribute,time
SIS_ENUMERATION_SET_ID,Attribute,user
SIS_FUNCTION_BLOCK_DEFINITION,Attribute,CATEGORY
SIS_FUNCTION_BLOCK_DEFINITION,Attribute,CONTAINER_VERSION
SIS_FUNCTION_BLOCK_DEFINITION,Attribute,DESCRIPTION
SIS_FUNCTION_BLOCK_DEFINITION,Attribute,MIN_CONTAINER_VERSION
SIS_FUNCTION_BLOCK_DEFINITION,Attribute,NAME
SIS_FUNCTION_BLOCK_DEFINITION,Attribute,time
SIS_FUNCTION_BLOCK_DEFINITION,Attribute,user
SIS_FUNCTION_BLOCK_DEFINITION,SubObject,ATTRIBUTE
SIS_FUNCTION_BLOCK_DEFINITION,SubObject,ATTRIBUTE_INSTANCE
SIS_FUNCTION_BLOCK_DEFINITION,SubObject,FBD_ALGORITHM
SIS_FUNCTION_BLOCK_DEFINITION,SubObject,FUNCTION_BLOCK
SIS_LOCK,Attribute,ID
SIS_LOCK,Attribute,NAME
SIS_LOCK,Attribute,SCOPE_TYPE
SIS_LOCK,Attribute,TYPE
SIS_LOCK,Attribute,time
SIS_LOCK,Attribute,user
SIS_LOCK_FOR_AREA,Attribute,AREA
SIS_LOCK_FOR_AREA,Attribute,LOCK
SIS_SYSTEM_ALARM,Attribute,ALARM_WORD
SIS_SYSTEM_ALARM,Attribute,CATEGORY
SIS_SYSTEM_ALARM,Attribute,DEFAULT_PARAM1
SIS_SYSTEM_ALARM,Attribute,DEFAULT_PARAM2
SIS_SYSTEM_ALARM,Attribute,DESCRIPTION
SIS_SYSTEM_ALARM,Attribute,INDEX
SIS_SYSTEM_ALARM,Attribute,MESSAGE
SIS_SYSTEM_ALARM,Attribute,NAME
SIS_SYSTEM_ALARM,Attribute,SUMMARY_NO
SIS_SYSTEM_ALARM,Attribute,WAVE_FILE
SIS_SYSTEM_ALARM,Attribute,time
SIS_SYSTEM_ALARM,Attribute,user
SIS_SYSTEM_ENUMERATION_SET,Attribute,DEFAULT_VALUE
SIS_SYSTEM_ENUMERATION_SET,Attribute,DESCRIPTION
SIS_SYSTEM_ENUMERATION_SET,Attribute,ID
SIS_SYSTEM_ENUMERATION_SET,Attribute,NAME
SIS_SYSTEM_ENUMERATION_SET,Attribute,time
SIS_SYSTEM_ENUMERATION_SET,Attribute,user
SIS_SYSTEM_ENUMERATION_SET,SubObject,ENTRY
SITE,Attribute,AUTO_COMMISSIONING_ENABLED
SITE,Attribute,BCK_LIMIT
SITE,Attribute,COMPANY_NAME
SITE,Attribute,DEFAULT_COMMUNICATION_TYPE
SITE,Attribute,DEFAULT_LOGIC_SOLVER_VERSION
SITE,Attribute,DISPLAY_VERSION_CONTROL_ENABLED
SITE,Attribute,IP_ADDR_AUTO_GEN
SITE,Attribute,MNN_LIMIT
SITE,Attribute,NAME
SITE,Attribute,PP_LAD
SITE,Attribute,PVQ_LIMIT
SITE,Attribute,SYSTEM_ID
SITE,Attribute,SYSTEM_IDENTIFIER
SITE,Attribute,SYSTEM_NAME
SITE,Attribute,SYSTEM_ZONE_NAME
SITE,Attribute,time
SITE,Attribute,user
SLS_NETWORK,Attribute,DEFAULT_FOR_REDUCED_STATUS
SLS_NETWORK,Attribute,time
SLS_NETWORK,Attribute,user
SMART_INPUT_ERRORS,Attribute,ERROR_MAPPING_ENABLED
SMART_INPUT_ERRORS,Attribute,INTEGRITY_ERROR_FOR_FIELD_DEVICE_MALFUNCTION
SMART_INPUT_ERRORS,Attribute,INTEGRITY_ERROR_FOR_LOSS_OF_DIGITAL_COMMS
SMART_INPUT_ERRORS,Attribute,INTEGRITY_ERROR_FOR_MORE_STATUS_AVAILABLE
SMART_INPUT_ERRORS,Attribute,INTEGRITY_ERROR_FOR_NPV_DATA_INVALID
SMART_INPUT_ERRORS,Attribute,INTEGRITY_ERROR_FOR_NPV_OUT_OF_LIMITS
SMART_INPUT_ERRORS,Attribute,INTEGRITY_ERROR_FOR_NPV_RANGES_INVALID
SMART_INPUT_ERRORS,Attribute,INTEGRITY_ERROR_FOR_PV_DATA_INVALID
SMART_INPUT_ERRORS,Attribute,INTEGRITY_ERROR_FOR_PV_OUTPUT_FIXED
SMART_INPUT_ERRORS,Attribute,INTEGRITY_ERROR_FOR_PV_OUTPUT_SATURATED
SMART_INPUT_ERRORS,Attribute,INTEGRITY_ERROR_FOR_PV_OUT_OF_LIMITS
SMART_INPUT_ERRORS,Attribute,PROCESS_ERROR_FOR_FIELD_DEVICE_MALFUNCTION
SMART_INPUT_ERRORS,Attribute,PROCESS_ERROR_FOR_LOSS_OF_DIGITAL_COMMS
SMART_INPUT_ERRORS,Attribute,PROCESS_ERROR_FOR_MORE_STATUS_AVAILABLE
SMART_INPUT_ERRORS,Attribute,PROCESS_ERROR_FOR_NPV_DATA_INVALID
SMART_INPUT_ERRORS,Attribute,PROCESS_ERROR_FOR_NPV_OUT_OF_LIMITS
SMART_INPUT_ERRORS,Attribute,PROCESS_ERROR_FOR_NPV_RANGES_INVALID
SMART_INPUT_ERRORS,Attribute,PROCESS_ERROR_FOR_PV_DATA_INVALID
SMART_INPUT_ERRORS,Attribute,PROCESS_ERROR_FOR_PV_OUTPUT_FIXED
SMART_INPUT_ERRORS,Attribute,PROCESS_ERROR_FOR_PV_OUTPUT_SATURATED
SMART_INPUT_ERRORS,Attribute,PROCESS_ERROR_FOR_PV_OUT_OF_LIMITS
SMART_OUTPUT_ERRORS,Attribute,ERROR_MAPPING_ENABLED
SMART_OUTPUT_ERRORS,Attribute,INTEGRITY_ERROR_FOR_ANALOG_IN_SATURATED
SMART_OUTPUT_ERRORS,Attribute,INTEGRITY_ERROR_FOR_CRITICAL_ALERTS
SMART_OUTPUT_ERRORS,Attribute,INTEGRITY_ERROR_FOR_FIELD_DEVICE_MALFUNCTION
SMART_OUTPUT_ERRORS,Attribute,INTEGRITY_ERROR_FOR_LOSS_OF_DIGITAL_COMMS
SMART_OUTPUT_ERRORS,Attribute,INTEGRITY_ERROR_FOR_MAINTENANCE_ALERTS
SMART_OUTPUT_ERRORS,Attribute,INTEGRITY_ERROR_FOR_MORE_STATUS_AVAILABLE
SMART_OUTPUT_ERRORS,Attribute,INTEGRITY_ERROR_FOR_NPV_DATA_INVALID
SMART_OUTPUT_ERRORS,Attribute,INTEGRITY_ERROR_FOR_NPV_RANGES_INVALID
SMART_OUTPUT_ERRORS,Attribute,INTEGRITY_ERROR_FOR_OUTPUT_INVALID
SMART_OUTPUT_ERRORS,Attribute,INTEGRITY_ERROR_FOR_SENSOR_OUT_OF_LIMITS
SMART_OUTPUT_ERRORS,Attribute,INTEGRITY_ERROR_FOR_SETPOINT_LIMITED
SMART_OUTPUT_ERRORS,Attribute,INTEGRITY_ERROR_FOR_VARIABLE_OUT_OF_RANGE
SMART_OUTPUT_ERRORS,Attribute,PROCESS_ERROR_FOR_ANALOG_IN_SATURATED
SMART_OUTPUT_ERRORS,Attribute,PROCESS_ERROR_FOR_CRITICAL_ALERTS
SMART_OUTPUT_ERRORS,Attribute,PROCESS_ERROR_FOR_FIELD_DEVICE_MALFUNCTION
SMART_OUTPUT_ERRORS,Attribute,PROCESS_ERROR_FOR_LOSS_OF_DIGITAL_COMMS
SMART_OUTPUT_ERRORS,Attribute,PROCESS_ERROR_FOR_MAINTENANCE_ALERTS
SMART_OUTPUT_ERRORS,Attribute,PROCESS_ERROR_FOR_MORE_STATUS_AVAILABLE
SMART_OUTPUT_ERRORS,Attribute,PROCESS_ERROR_FOR_NPV_DATA_INVALID
SMART_OUTPUT_ERRORS,Attribute,PROCESS_ERROR_FOR_NPV_RANGES_INVALID
SMART_OUTPUT_ERRORS,Attribute,PROCESS_ERROR_FOR_OUTPUT_INVALID
SMART_OUTPUT_ERRORS,Attribute,PROCESS_ERROR_FOR_SENSOR_OUT_OF_LIMITS
SMART_OUTPUT_ERRORS,Attribute,PROCESS_ERROR_FOR_SETPOINT_LIMITED
SMART_OUTPUT_ERRORS,Attribute,PROCESS_ERROR_FOR_VARIABLE_OUT_OF_RANGE
SNAPSHOT_VCR,Attribute,CHECKEDIN_SCRIPT
SNAPSHOT_VCR,Attribute,DBID
SNAPSHOT_VCR,Attribute,DELETED
SNAPSHOT_VCR,Attribute,EXPORTABLE_ITEM_TYPE
SNAPSHOT_VCR,Attribute,NAME
SNAPSHOT_VCR,Attribute,PARENT_DBID
SNAPSHOT_VCR,Attribute,PURGED
SNAPSHOT_VCR,Attribute,USERNAME
SNAPSHOT_VCR,Attribute,VERSIONABLE_ITEM_TYPE
SOFTWARE_LICENSE,Attribute,LICENSE
SOFTWARE_LICENSE_BUNDLE,Attribute,ID
SOFTWARE_LICENSE_BUNDLE,Attribute,time
SOFTWARE_LICENSE_BUNDLE,Attribute,user
SOFTWARE_LICENSE_BUNDLE,SubObject,SOFTWARE_LICENSE
START,Attribute,X
START,Attribute,Y
STEP,Attribute,DESCRIPTION
STEP,Attribute,NAME
STEP,Attribute,UID
STEP,SubObject,ACTION
STEP,SubObject,RECTANGLE
STEP_TRANSITION_CONNECTION,Attribute,STEP
STEP_TRANSITION_CONNECTION,Attribute,TRANSITION
SUBSCRIBER_VCR,Attribute,INDEX
SUB_FAMILY,Attribute,NAME
SUB_RANGE,Attribute,MAX
SUB_RANGE,Attribute,MIN
SYSTEM_ALARM,Attribute,ALARM_WORD
SYSTEM_ALARM,Attribute,CATEGORY
SYSTEM_ALARM,Attribute,DEFAULT_PARAM1
SYSTEM_ALARM,Attribute,DEFAULT_PARAM2
SYSTEM_ALARM,Attribute,DESCRIPTION
SYSTEM_ALARM,Attribute,INDEX
SYSTEM_ALARM,Attribute,MESSAGE
SYSTEM_ALARM,Attribute,NAME
SYSTEM_ALARM,Attribute,SUMMARY_NO
SYSTEM_ALARM,Attribute,WAVE_FILE
SYSTEM_ALARM,Attribute,time
SYSTEM_ALARM,Attribute,user
SYSTEM_BATCH_UNIT_SELECTION_POLICY,Attribute,CATEGORY
SYSTEM_BATCH_UNIT_SELECTION_POLICY,Attribute,DESCRIPTION
SYSTEM_BATCH_UNIT_SELECTION_POLICY,Attribute,EXPRESSION
SYSTEM_BATCH_UNIT_SELECTION_POLICY,Attribute,NAME
SYSTEM_BATCH_UNIT_SELECTION_POLICY,Attribute,PRIORITY_CHOICE
SYSTEM_BATCH_UNIT_SELECTION_POLICY,Attribute,time
SYSTEM_BATCH_UNIT_SELECTION_POLICY,Attribute,user
SYSTEM_ENGINEERING_UNIT,Attribute,INDEX
SYSTEM_ENGINEERING_UNIT,Attribute,NAME
SYSTEM_ENGINEERING_UNIT,Attribute,time
SYSTEM_ENGINEERING_UNIT,Attribute,user
SYSTEM_ENUMERATION_SET,Attribute,DEFAULT_VALUE
SYSTEM_ENUMERATION_SET,Attribute,DESCRIPTION
SYSTEM_ENUMERATION_SET,Attribute,ID
SYSTEM_ENUMERATION_SET,Attribute,NAME
SYSTEM_ENUMERATION_SET,Attribute,time
SYSTEM_ENUMERATION_SET,Attribute,user
SYSTEM_ENUMERATION_SET,SubObject,ENTRY
TERMINAL_SERVER_SUBSYSTEM,Attribute,ENABLED
TERMINAL_SERVER_SUBSYSTEM,SubObject,TERMINAL_SESSION
TERMINAL_SESSION,Attribute,DESCRIPTION
TERMINAL_SESSION,Attribute,NAME
TERMINAL_SESSION,Attribute,REF_ID
TERMINAL_SESSION,SubObject,OPERATOR_SUBSYSTEM
TERMINAL_SESSION,SubObject,RESERVED_FOR_USER
TERMINAL_SESSION,SubObject,SOFTWARE_LICENSE_BUNDLE
TEXT_GRAPHIC,Attribute,NAME
TEXT_GRAPHIC,Attribute,TEXT
TEXT_GRAPHIC,SubObject,END
TEXT_GRAPHIC,SubObject,ORIGIN
TRANSDUCER_BLOCK,Attribute,DESCRIPTION
TRANSDUCER_BLOCK,Attribute,INDEX
TRANSDUCER_BLOCK,SubObject,PARAMETER
TRANSDUCER_BLOCK_INSTANCE,Attribute,DESCRIPTION
TRANSDUCER_BLOCK_INSTANCE,Attribute,INDEX
TRANSDUCER_BLOCK_INSTANCE,SubObject,ATTRIBUTE_INSTANCE
TRANSITION,Attribute,DESCRIPTION
TRANSITION,Attribute,EXPRESSION
TRANSITION,Attribute,NAME
TRANSITION,Attribute,TERMINATION
TRANSITION,Attribute,UID
TRANSITION,SubObject,POSITION
TRANSITION_STEP_CONNECTION,Attribute,STEP
TRANSITION_STEP_CONNECTION,Attribute,TRANSITION
TRANSITION_STEP_CONNECTION,SubObject,SEGMENT
UNALLOCATED_DEVICE,Attribute,DST_TEMPLATE
UNALLOCATED_DEVICE,Attribute,NAME
UNALLOCATED_DEVICE,Attribute,TEMPLATE_APPLIED
UNALLOCATED_DEVICE,Attribute,time
UNALLOCATED_DEVICE,Attribute,user
UNALLOCATED_DEVICE,SubObject,CHARM
UNIT,Attribute,time
UNIT,Attribute,user
UNITPHASE_INSTALLATION_RECORD,Attribute,ACTION
UNITPHASE_INSTALLATION_RECORD,Attribute,ALIASRESOLUTION_SCRIPT
UNITPHASE_INSTALLATION_RECORD,Attribute,INSTALLED_NAME
UNITPHASE_INSTALLATION_RECORD,Attribute,INSTALLED_TYPE
UNITPHASE_INSTALLATION_RECORD,Attribute,OVERRIDE_SCRIPT
UNITPHASE_INSTALLATION_RECORD,Attribute,PHASETABLE_SCRIPT
UNITPHASE_INSTALLATION_RECORD,Attribute,PHASE_NAME
UNITPHASE_INSTALLATION_RECORD,Attribute,RENAMED_ITEM
UNITPHASE_INSTALLATION_RECORD,Attribute,SCRIPT
UNITPHASE_INSTALLATION_RECORD,SubObject,INSTALLED_USAGE
UNIT_DIAGNOSTIC_MESSAGE,Attribute,CV
UNIT_DIAGNOSTIC_MESSAGE,Attribute,DESCRIPTION
UNIT_DIAGNOSTIC_MESSAGE,Attribute,FIRST_BIT
UNIT_DIAGNOSTIC_MESSAGE,Attribute,INDEX
UNIT_DIAGNOSTIC_MESSAGE,Attribute,LAST_BIT
UNIT_DIAGNOSTIC_MESSAGE,SubObject,ENUMERATION_SET
UNIT_LIST,Attribute,COLUMN_ORDER
UNIT_LIST,Attribute,COLUMN_TYPE
UNIT_MODULE,Attribute,CONTROLLER
UNIT_MODULE,Attribute,DESCRIPTION
UNIT_MODULE,Attribute,DETAIL_DISPLAY
UNIT_MODULE,Attribute,ELECTRONIC_SIGNATURE_POLICY
UNIT_MODULE,Attribute,INSTRUMENT_AREA_DISPLAY
UNIT_MODULE,Attribute,PERIOD
UNIT_MODULE,Attribute,PLANT_AREA
UNIT_MODULE,Attribute,PRIMARY_CONTROL_DISPLAY
UNIT_MODULE,Attribute,SUB_TYPE
UNIT_MODULE,Attribute,TYPE
UNIT_MODULE,Attribute,USES_CLASS_SIGNATURE_POLICY
UNIT_MODULE,Attribute,WORK_IN_PROGRESS
UNIT_MODULE,Attribute,time
UNIT_MODULE,Attribute,user
UNIT_MODULE,SubObject,ALIAS_RESOLUTION
UNIT_MODULE,SubObject,ATTRIBUTE_INSTANCE
UNIT_MODULE,SubObject,PHASE
UNIT_MODULE_DEFINITION,Attribute,CATEGORY
UNIT_MODULE_DEFINITION,Attribute,DESCRIPTION
UNIT_MODULE_DEFINITION,Attribute,DETAIL_DISPLAY
UNIT_MODULE_DEFINITION,Attribute,INSTRUMENT_AREA_DISPLAY
UNIT_MODULE_DEFINITION,Attribute,PERIOD
UNIT_MODULE_DEFINITION,Attribute,PRIMARY_CONTROL_DISPLAY
UNIT_MODULE_DEFINITION,Attribute,SUB_TYPE
UNIT_MODULE_DEFINITION,Attribute,TYPE
UNIT_MODULE_DEFINITION,Attribute,time
UNIT_MODULE_DEFINITION,Attribute,user
UNIT_MODULE_DEFINITION,SubObject,ALIAS_DEFINITION
UNIT_MODULE_DEFINITION,SubObject,ATTRIBUTE
UNIT_MODULE_DEFINITION,SubObject,ATTRIBUTE_INSTANCE
UNIT_MODULE_DEFINITION,SubObject,PHASE
USER,Attribute,ALLOW_TERMINAL_SERVER_LOGON
USER,Attribute,CERTIFICATE
USER,Attribute,CONNECT
USER,Attribute,CONNECT_TO
USER,Attribute,DELTAV_ADMINISTRATOR
USER,Attribute,DELTAV_BATCH_HISTORIAN_ADMINISTRATOR
USER,Attribute,DELTAV_BATCH_HISTORIAN_USER
USER,Attribute,DELTAV_DATABASE_ACCOUNT
USER,Attribute,DELTAV_EVENT_CHRONICLE_ADMINISTRATOR
USER,Attribute,DESCRIPTION
USER,Attribute,DISABLED_DELTAV_DATABASE_ACCOUNT
USER,Attribute,DISABLED_OPERATING_SYSTEM_ACCOUNT
USER,Attribute,DOMAIN_NAME
USER,Attribute,FULL_NAME
USER,Attribute,LOCAL_HOME_DIRECTORY
USER,Attribute,LOCAL_PATH
USER,Attribute,LOGON_SCRIPT
USER,Attribute,NAME
USER,Attribute,OPERATING_SYSTEM_ACCOUNT
USER,Attribute,OPERATING_SYSTEM_DESCRIPTION
USER,Attribute,PWD_CHANGE_ON_LOGON
USER,Attribute,PWD_NEVER_EXPIRES
USER,Attribute,USER_CANNOT_CHANGE_PWD
USER,Attribute,USER_ROLE
USER,Attribute,WINDOWS_ADMINISTRATOR
USER,Attribute,WINDOWS_DESKTOP_ACCESS
USER,Attribute,time
USER,Attribute,user
USER,SubObject,GROUP
USER,SubObject,GROUP_FOR_AREA
USER,SubObject,LOCK
USER,SubObject,LOCK_FOR_AREA
USER,SubObject,SIS_LOCK
USER,SubObject,SIS_LOCK_FOR_AREA
USER_ALARM_INDEXED,Attribute,ALARM_WORD
USER_ALARM_INDEXED,Attribute,CATEGORY
USER_ALARM_INDEXED,Attribute,DEFAULT_PARAM1
USER_ALARM_INDEXED,Attribute,DEFAULT_PARAM2
USER_ALARM_INDEXED,Attribute,DESCRIPTION
USER_ALARM_INDEXED,Attribute,INDEX
USER_ALARM_INDEXED,Attribute,MESSAGE
USER_ALARM_INDEXED,Attribute,NAME
USER_ALARM_INDEXED,Attribute,SUMMARY_NO
USER_ALARM_INDEXED,Attribute,WAVE_FILE
USER_ALARM_INDEXED,Attribute,time
USER_ALARM_INDEXED,Attribute,user
VERSION,Attribute,MAJOR_REV
VERSION,Attribute,MINOR_REV
VERSION,Attribute,NAME
VERSION,Attribute,NUMBER_OF_CHANGE_FLAGS
VERSION,Attribute,VERSION
VERSION,SubObject,CAPABILITY
VERSION,SubObject,DEFAULT_MAJOR_REVISION
VERSION,SubObject,MAJOR_REVISION
WIRE,Attribute,DESTINATION
WIRE,Attribute,IS_FEEDBACK_WIRE
WIRE,Attribute,ORIGIN_ID
WIRE,Attribute,SOURCE
WIRE,SubObject,SEGMENT
WIRELESS_GATEWAY_NETWORK,Attribute,OVERRIDE_CONFIGURED_DSTS
WIRELESS_GATEWAY_NETWORK,Attribute,time
WIRELESS_GATEWAY_NETWORK,Attribute,user
WIRELESS_GATEWAY_NODE,Attribute,COLD_RESTART_TIME
WIRELESS_GATEWAY_NODE,Attribute,DESCRIPTION
WIRELESS_GATEWAY_NODE,Attribute,DETAIL_DISPLAY
WIRELESS_GATEWAY_NODE,Attribute,DEVICE_INDEX
WIRELESS_GATEWAY_NODE,Attribute,HARDWARE_ALARMS_ENABLED
WIRELESS_GATEWAY_NODE,Attribute,HART_DEVICE_ID
WIRELESS_GATEWAY_NODE,Attribute,HART_DEVICE_MANUFACTURER
WIRELESS_GATEWAY_NODE,Attribute,HART_DEVICE_REVISION
WIRELESS_GATEWAY_NODE,Attribute,HART_DEVICE_TYPE
WIRELESS_GATEWAY_NODE,Attribute,ID
WIRELESS_GATEWAY_NODE,Attribute,INSTRUMENT_AREA_DISPLAY
WIRELESS_GATEWAY_NODE,Attribute,MAC_HARDWARE_ADDRESS
WIRELESS_GATEWAY_NODE,Attribute,NAME
WIRELESS_GATEWAY_NODE,Attribute,PLANT_AREA
WIRELESS_GATEWAY_NODE,Attribute,PRIMARY_CONTROL_DISPLAY
WIRELESS_GATEWAY_NODE,Attribute,REDUNDANT
WIRELESS_GATEWAY_NODE,Attribute,REPORT_TIME_OUT_OF_SYNC_ERRORS
WIRELESS_GATEWAY_NODE,Attribute,SECOND_MAC_HARDWARE_ADDRESS
WIRELESS_GATEWAY_NODE,Attribute,time
WIRELESS_GATEWAY_NODE,Attribute,user
WIRELESS_GATEWAY_NODE,SubObject,AREA_CONTROL_NETWORK
WIRELESS_GATEWAY_NODE,SubObject,ATTRIBUTE_INSTANCE
WIRELESS_GATEWAY_NODE,SubObject,COMMUNICATIONS_SUBSYSTEM
WIRELESS_GATEWAY_NODE,SubObject,GATEWAY_IO_SUBSYSTEM
WIRELESS_GATEWAY_NODE,SubObject,VERSION
XD_SCALE_UNITS_RESTRICTION,Attribute,NAME
XD_SCALE_UNITS_RESTRICTION,SubObject,EU
