TABLE,Column1,Column2,Column3,,,,,,,,,,,,,,,,,,,,,,,,,,,,
ACTUATOR_SENSOR_INTERFACE_DEVICE_TYPE,TYPE,user,time,NAME,DESCRIPTION,IO_CONFIGURATION,IDENTIFICATION_CODE,,,,,,,,,,,,,,,,,,,,,,,,
ALARM_ANNUNCIATION,TYPE,user,time,PRIORITY,UI_NAME,DESCRIPTION,AUTO_ACK,AUTO_ACK_INACTIVE,ALARM_IDENTITY,WAVE_FILE,ALARM_SUMMARY,SUPPRESS_SOUND_FOR_ACK_ALARMS,,,,,,,,,,,,,,,,,,,
ALARM_REPORT,TYPE,NAME,REPORT_PATH,REPORT_TYPE,STATUS,LAST_RESULT,NEXT_RUN_TIME,LAST_RUN_TIME,CREATOR,SCHEDULE_TIME,SCHEDULE_FREQUENCY,REPORTSCHEDULE_SCHEDULE_START_TIME,REPORTSCHEDULE_SCHEDULE_RUN_DATE,REPORTSCHEDULE_SCHEDULE_DISPLAY_STRING,REPORTSCHEDULE_SCHEDULE_TASK_TYPE,REPORTSCHEDULE_SCHEDULE_TASK_DAILY,REPORTSCHEDULE_SCHEDULE_TIME_SPAN,REPORTFILTERS_ENABLED_ALARMS,REPORTFILTERS_PROCESS_ALARMS,REPORTFILTERS_NODE_HARDWARE_ALARMS,REPORTFILTERS_DEVICE_ALARMS,REPORTFILTERS_SIS_PROCESS_ALARMS,REPORTFILTERS_SIS_NODE_HARDWARE_ALARMS,REPORTFILTERS_SIS_DEVICE_ALARMS,REPORTFILTERS_ALL_CLASSIFICATIONS,UNITS_ALL_TAGS,MODULES_ALL_TAGS,AREAS_ALL_TAGS,NODES_ALL_TAGS,LOGIC_SOLVERS_ALL_TAGS,NEW_REPORT
BATCH_EQUIPMENT_PHASE_CLASS,TYPE,user,time,NAME,CATEGORY,DESCRIPTION,PARTNERS,,,,,,,,,,,,,,,,,,,,,,,,
BATCH_EQUIPMENT_PROCESS_CELL_CLASS,TYPE,user,time,NAME,CATEGORY,,,,,,,,,,,,,,,,,,,,,,,,,,
BATCH_EQUIPMENT_UNIT_MODULE,TYPE,user,time,NAME,CLASS,ID,MAX_OWNERS,MMI_PICTURE,SIMULATED,DOWNSTREAM_UNITS_OPTION,,,,,,,,,,,,,,,,,,,,,
BATCH_EQUIPMENT_UNIT_MODULE_CLASS,TYPE,user,time,NAME,CATEGORY,DESCRIPTION,,,,,,,,,,,,,,,,,,,,,,,,,
BATCH_RECIPE,TYPE,user,time,NAME,TYPE,CATEGORY,USE_EQUIPMENT_TRAINS,ENFORCED_FORMULA_SELECTION_ENABLED,DEFAULT_SELECTED_FORMULA,PARAMETERS_LOCKED_BY_DEFAULT,AUTHOR,ABSTRACT,BATCH_UNITS,BATCH_LENGTH,DEFAULT_BATCH_SIZE,MINIMUM_BATCH_SIZE,MAXIMUM_BATCH_SIZE,PRODUCT_CODE,PRODUCT_NAME,RECIPE_APPROVAL_INFO,IS_AUTHORIZED,VERSION,,,,,,,,,
BATCH_SERVER,TYPE,user,time,NAME,REVISION,EVENT_FILE_AGE,HOLD_PROPAGATION_LIMIT,RESTART_BEHAVIOR,MANUAL_PHASE_ATTACH_BEHAVIOUR,,,,,,,,,,,,,,,,,,,,,,
CHARM_TYPE_DEFINITION,TYPE,user,time,NAME,CLASS,DESCRIPTION,CATEGORY,UI_STRING,CHARM_ID,LABEL,INTRINSICALLY_SAFE_CAPABLE,REDUNDANT_CAPABLE,,,,,,,,,,,,,,,,,,,
CHARMS_LOGIC_SOLVER,TYPE,user,time,NAME,CONTROLLER,DESCRIPTION,REDUNDANT,MAC_HARDWARE_ADDRESS,SECOND_MAC_HARDWARE_ADDRESS,LAST_GENERATED_CRC,LAST_DOWNLOADED_CRC,LOGIC_SOLVER_ID,HARDWARE_ALARMS_ENABLED,REPORT_TIME_OUT_OF_SYNC_ERRORS,PRIMARY_CONTROL_DISPLAY,INSTRUMENT_AREA_DISPLAY,DETAIL_DISPLAY,SCAN_RATE,ENABLE_FAST_IO_UPDATES,TEST_INTERVAL_TIME,REMINDER_TIME,AUTO_PROOF_TEST,ENABLE_KEY_LOCK,,,,,,,,
CHARMS_LOGICSOLVER_INSTALLATION_RECORDS,TYPE,user,time,NAME,SYSTEM_ID,COMMISSIONED,,,,,,,,,,,,,,,,,,,,,,,,,
DEVICE_MANUFACTURER,TYPE,user,time,NAME,FIELDBUS_MANUFACTURER_ID,HART_MANUFACTURER_ID,PROFINET_MANUFACTURER_ID,,,,,,,,,,,,,,,,,,,,,,,,
DEVICE_TYPE,TYPE,user,time,NAME,DEVICE_TYPE_ID,MANUFACTURER,DESCRIPTION,,,,,,,,,,,,,,,,,,,,,,,,
DEVICENET_DEVICE,TYPE,user,time,NAME,MANUFACTURER,DEVICENET_DEVICE_TYPE,REVISION,IOPOLLING_ENABLED,INPUT_SIZE,OUTPUT_SIZE,,,,,,,,,,,,,,,,,,,,,
DEVICENET_DEVICE_REVISION,TYPE,user,time,REVISION,MANUFACTURER,DEVICENET_DEVICE_TYPE,EDS_FILE_SIGNATURE,MODEL,MODEL_ID,DEVICE_TYPE,DEVICE_TYPE_ID,MANUFACTURER_ID,EDS_FILE_DESCRIPTION,INPUT_SIZE,OUTPUT_SIZE,PARAMETER_SAVE_REQUIRED,,,,,,,,,,,,,,,
DEVICENET_USER_DEVICE_TYPE,TYPE,user,time,NAME,MANUFACTURER,,,,,,,,,,,,,,,,,,,,,,,,,,
ELECTRONIC_SIGNATURE_POLICY,TYPE,user,time,NAME,DESCRIPTION,DEFAULT_ACTION,,,,,,,,,,,,,,,,,,,,,,,,,
ENGINEERING_UNITS,TYPE,user,time,,,,,,,,,,,,,,,,,,,,,,,,,,,,
ENUMERATION_SET,TYPE,user,time,NAME,FIXED,DESCRIPTION,CATEGORY,DEFAULT_VALUE,,,,,,,,,,,,,,,,,,,,,,,
ENUMERATION_SET_ID,TYPE,user,time,NAME,ID,,,,,,,,,,,,,,,,,,,,,,,,,,
ETHERNET_IO_CONTROL_TAG_DEFINITION,TYPE,user,time,NAME,CATEGORY,TYPE,,,,,,,,,,,,,,,,,,,,,,,,,
ETHERNET_IO_MODBUS_TCP_LOGICAL_DEVICE,TYPE,user,time,NAME,PHYSICAL_DEVICE,PORT,CONTROLLER,RETRY_COUNT,MESSAGE_TIMEOUT,MODBUS_DEVICE_ADDRESS,REGISTER_TYPE,START_ADDRESS,ENABLED_FULL_MODBUS_RANGE,NUMBER_OF_VALUES,DATA_TYPE,DATA_DIRECTION,OUTPUT_MODE,OUTPUT_READBACK,DATA_FORMAT,WORD_ORDER,,,,,,,,,,,
ETHERNET_IO_PHYSICAL_DEVICE,TYPE,user,time,NAME,PORT,CONTROLLER,DESCRIPTION,ADDRESS,PRIMARY_IP_ADDRESS,SECONDARY_IP_ADDRESS,PORT_NUMBER,,,,,,,,,,,,,,,,,,,,
FIELDBUS_DEVICE_DEFINITION_REVISION,TYPE,user,time,MANUFACTURER,TYPE,REVISION,DDREV,DEVICE_CLASS,FUNCTION_BLOCK_VFD,NUMBER_OF_START_LIST_ENTRIES,NUMBER_OF_LINK_OBJECTS,NUMBER_OF_CAPABILITY_LEVELS,NUMBER_OF_INSTANTIABLE_BLOCK_TYPES,SUPPORTS_ALARMS,SUPPORTS_FD_ALARMS,SUPPORTS_ALARM_REANNUNCIATION,ALARM_BLOCK_INDEX,MAX_INSTANTIABLE_FUNCTION_BLOCKS,,,,,,,,,,,,,
FIELDBUS_DEVICE_REVISION,TYPE,user,time,MANUFACTURER,TYPE,REVISION,DDREV,DEVICE_CLASS,FUNCTION_BLOCK_VFD,NUMBER_OF_START_LIST_ENTRIES,NUMBER_OF_LINK_OBJECTS,NUMBER_OF_CAPABILITY_LEVELS,NUMBER_OF_INSTANTIABLE_BLOCK_TYPES,SUPPORTS_ALARMS,SUPPORTS_FD_ALARMS,SUPPORTS_ALARM_REANNUNCIATION,ALARM_BLOCK_INDEX,MAX_INSTANTIABLE_FUNCTION_BLOCKS,,,,,,,,,,,,,
FIELDBUS_DEVICE_REVISION_CONTAINER,TYPE,user,time,MANUFACTURER,TYPE,REVISION,,,,,,,,,,,,,,,,,,,,,,,,,
FIELDBUS_LOGICAL_DEVICE,TYPE,user,time,NAME,MANUFACTURER,TYPE,REVISION,DDREV,DESCRIPTION,INTOOLS_DEVICE_ID,ALARMS_ENABLED,FACEPLATE_DISPLAY_NAME,PRIMARY_CONTROL_DISPLAY,MANUALLY_SET_DEVICE_ALARM_OBJECT,DEVICE_ALARM_OBJECT,,,,,,,,,,,,,,,,
FIELDBUS_PHYSICAL_DEVICE,TYPE,user,time,ID,MANUFACTURER,TYPE,REVISION,DDREV,DESCRIPTION,,,,,,,,,,,,,,,,,,,,,,
FIELDBUS_PORT_DEVICE_REVISION,TYPE,user,time,MANUFACTURER,TYPE,REVISION,,DEVICE_CLASS,FUNCTION_BLOCK_VFD,NUMBER_OF_START_LIST_ENTRIES,NUMBER_OF_LINK_OBJECTS,,,,,,,,MAXIMUM_NUMBER_OF_BLOCKS_ON_CARD,MAXIMUM_MEMORY_USAGE,START_INDEX,MAXIMUM_INDEX,NEXT_INDEX_INTERVAL,,,,,,,,
FUNCTION_BLOCK_DEFINITION,TYPE,user,time,NAME,CATEGORY,,,,,,,,,,,,,,,,,,,,,,,,,,
FUNCTION_BLOCK_TEMPLATE,TYPE,user,time,NAME,DESCRIPTION,,,,,,,,,,,,,,,,,,,,,,,,,,
GROUP,TYPE,user,time,NAME,DESCRIPTION,,,,,,,,,,,,,,,,,,,,,,,,,,
HART_DEVICE_DEFINITION_REVISION,TYPE,user,time,DDREV,REVISION,DEVICE_REVISION_ID,MANUFACTURER,HART_DEVICE_TYPE,DESCRIPTION,RESOURCE_PATH,FACEPLATE_DISPLAY_NAME,ALARMS_ENABLED,,,,,,,,,,,,,,,,,,,
HART_DEVICE_REVISION_CONTAINER,TYPE,user,time,REVISION,DEVICE_REVISION_ID,MANUFACTURER,HART_DEVICE_TYPE,DESCRIPTION,,,,,,,,,,,,,,,,,,,,,,,
INTEGRATION_NODE,TYPE,user,time,NAME,CONTROLLER_ALIAS_NAME,DESCRIPTION,ID,DEVICE_INDEX,REDUNDANT,REPORT_TIME_OUT_OF_SYNC_ERRORS,PLANT_AREA,HARDWARE_ALARMS_ENABLED,PRIMARY_CONTROL_DISPLAY,INSTRUMENT_AREA_DISPLAY,DETAIL_DISPLAY,REDUNDANCY_TYPE,UNATTENDED_WORKSTATION_REBOOT,IS_MASTER_GATEWAY_NODE,,,,,,,,,,,,,
IO_CARD,TYPE,user,time,CARD_SLOT,IO_SUBSYSTEM/FILE,CONTROLLER/CSLS,DEFINITION,DESCRIPTION,CONTROLLER_ASSIGNMENT,REDUNDANT,AUTO_SWITCHBACK_ENABLE,IO_TEMPLATE,TEMPLATE_APPLIED,CABLING_ID,TYPICAL_WIRING_DIAGRAM,SCAN_PRIORITY,REDUNDANCY_TYPE,,,,,,,,,,,,,,
LOCK,TYPE,user,time,NAME,ID,TYPE,SCOPE_TYPE,,,,,,,,,,,,,,,,,,,,,,,,
MODULE,TYPE,user,time,TAG,PLANT_AREA,CATEGORY,DESCRIPTION,CONTAINER_VERSION,LOGIC_SOLVER/CONTROLLER,PRIMARY_CONTROL_DISPLAY,INSTRUMENT_AREA_DISPLAY,DETAIL_DISPLAY,TYPE,SUB_TYPE,FUNCTION_TEST_STATUS,FUNCTION_TEST_APPROVED_DATE_TIME,IS_AUTHORIZED,LAST_GENERATED_SIGNAT_CRC,LAST_DOWNLOADED_SIGNAT_CRC,IS_BOUND_TO_FIELDBUS,PERIOD,LOOP_EXECUTION_IS_SYNCHRONISED,LOOP_EXECUTION_OCCURS_IN_H1_CARD,ASSIGN_BLOCKS_TO_H1_CARD,IS_BOUND_TO_FIELDBUS,,,,,,
MODULE_CLASS,TYPE,user,time,NAME,CATEGORY,DESCRIPTION,PERIOD,PRIMARY_CONTROL_DISPLAY,INSTRUMENT_AREA_DISPLAY,DETAIL_DISPLAY,TYPE,SUB_TYPE,NVM,PERSIST,,,,,,,,,,,,,,,,,
MODULE_INSTANCE,TYPE,user,time,TAG,PLANT_AREA,MODULE_CLASS,CATEGORY,DESCRIPTION,WORK_IN_PROGRESS,PERIOD,PRIMARY_CONTROL_DISPLAY,INSTRUMENT_AREA_DISPLAY,DETAIL_DISPLAY,TYPE,SUB_TYPE,NVM,PRINT_BANNER_TITLE1,PRINT_BANNER_TITLE2,PERSIST,USES_CLASS_SIGNATURE_POLICY,CONTROLLER,IS_BOUND_TO_FIELDBUS,,,,,,,,,
NODE,user,user,time,NAME,DESCRIPTION,ID,DEVICE_INDEX,REDUNDANT,MAC_HARDWARE_ADDRESS,SECOND_MAC_HARDWARE_ADDRESS,REPORT_TIME_OUT_OF_SYNC_ERRORS,COLD_RESTART_TIME,PLANT_AREA,HARDWARE_ALARMS_ENABLED,PRIMARY_CONTROL_DISPLAY,INSTRUMENT_AREA_DISPLAY,DETAIL_DISPLAY,AUTO_LOCK_ENABLE,AUTO_LOCK_TIME,UNLOCK_ALERT_ENABLE,UNLOCK_ALERT_TIME,ENABLE_KEY_LOCK,AUTO_CARRIER_DETECTION,LOCAL_SYSTEM_ID_KEY_LICENSING_ENABLED,HART_DEVICE_ID,HART_DEVICE_MANUFACTURER,HART_DEVICE_TYPE,HART_DEVICE_REVISION,,,
NODE_INSTALLATION_RECORDS,TYPE,user,time,NODE,SYSTEM_ID,,,,,,,,,,,,,,,,,,,,,,,,,,
PLANT_AREA,TYPE,user,time,NAME,INDEX,DESCRIPTION,SEQUENCE_NUMBER,,,,,,,,,,,,,,,,,,,,,,,,
PROCESS_CELL,TYPE,user,time,NAME,PLANT_AREA,,,,,,,,,,,,,,,,,,,,,,,,,,
PROFESSIONAL_PLUS_NODE,TYPE,user,time,NAME,CONTROLLER_ALIAS_NAME,AUTO_FF_DEVICE_REPLACEMENT_ENABLED,AUTO_FF_DEVICE_COMMISSION_ENABLED,AUTO_FF_DEVICE_REPLACEMENT_RECONCILE_ENABLED,AUTO_FF_DEVICE_COMMISSION_RECONCILE_ENABLED,MYNAH_INTEGRATION_WEB_SERVICE_ENABLED,ID,DEVICE_INDEX,REDUNDANT,REPORT_TIME_OUT_OF_SYNC_ERRORS,PLANT_AREA,HARDWARE_ALARMS_ENABLED,PRIMARY_CONTROL_DISPLAY,INSTRUMENT_AREA_DISPLAY,DETAIL_DISPLAY,PARTICIPATE_IN_HISTORY_ANALYSIS,FLOATING_LICENSE_MANAGEMENT_ENABLED,,,,,,,,,,
PROFIBUS_DEVICE_FAMILY,TYPE,user,time,NAME,,,,,,,,,,,,,,,,,,,,,,,,,,,
PROFIBUS_DEVICE_MODEL,TYPE,user,time,NAME,MANUFACTURER,,,,,,,,,,,,,,,,,,,,,,,,,,
PROFIBUS_DEVICE_REVISION,TYPE,user,time,NAME,MANUFACTURER,MODEL,STATION_TYPE,GSD_FILE_SIGNATURE,REVISION_NUMBER,IDENTIFICATION_NUMBER,MAXIMUM_INPUT_LENGTH,MAXIMUM_OUTPUT_LENGTH,MAXIMUM_COMBINED_IO_LENGTH,OFFSET_OF_FIRST_MODULE,MAXIMUM_MODULES,MINIMUM_SLAVE_POLL_INTERVAL_MS,TWENTY4V_PINS,GSD_REVISION,HARDWARE_RELEASE,IMPLEMENTATION_TYPE,REPEATER_CTRL_SIGNAL,SOFTWARE_RELEASE,ALLOW_HEX_EDIT,MAXIMUM_DIAGNOSTIC_DATA_LENGTH,MAXIMUM_USER_PARAMETER_DATA_LENGTH,USER_PARAMETER_DATA_LENGTH,,,,,
PROVOX_IO_FILE,TYPE,user,time,FILE_NUMBER,CONTROLLER,,,,,,,,,,,,,,,,,,,,,,,,,,
SIF_FIELD_SECURITY,TYPE,user,time,,,,,,,,,,,,,,,,,,,,,,,,,,,,
SIS_FUNCTION_BLOCK_DEFINITION,TYPE,user,time,NAME,CATEGORY,DESCRIPTION,CONTAINER_VERSION,MIN_CONTAINER_VERSION,,,,,,,,,,,,,,,,,,,,,,,
SIS_SYSTEM_ENUMERATION_SET,TYPE,user,time,NAME,DESCRIPTION,ID,DEFAULT_VALUE,,,,,,,,,,,,,,,,,,,,,,,,
SNAPSHOT_VCR,TYPE,DBID,NAME,VERSIONABLE_ITEM_TYPE,EXPORTABLE_ITEM_TYPE,PARENT_DBID,PURGED,DELETED,,,,,,,,,,,,,,,,,,,,,,,
SOFTWARE_LICENSE_BUNDLE,TYPE,user,time,ID,,,,,,,,,,,,,,,,,,,,,,,,,,,
SYSTEM_ALARM,TYPE,user,time,INDEX,NAME,DESCRIPTION,ALARM_WORD,MESSAGE,CATEGORY,SUMMARY_NO,DEFAULT_PARAM1,DEFAULT_PARAM2,WAVE_FILE,,,,,,,,,,,,,,,,,,
SYSTEM_BATCH_UNIT_SELECTION_POLICY,TYPE,user,time,NAME,CATEGORY,DESCRIPTION,PRIORITY_CHOICE,EXPRESSION,,,,,,,,,,,,,,,,,,,,,,,
SYSTEM_ENUMERATION_SET,TYPE,user,time,NAME,DESCRIPTION,ID,DEFAULT_VALUE,,,,,,,,,,,,,,,,,,,,,,,,
tbl_FirstLevel_data,TYPE,ATTRIBUTE NAME,ATTRIBUTE VALUE,PARENT OBJECT 1,PARENT OBJECT 1 NAME,PARENT OBJECT 2,PARENT OBJECT 2 NAME,PARENT OBJECT 3,PARENT OBJECT 3 NAME,PARENT OBJECT 4,PARENT OBJECT 4 NAME,PARENT OBJECT 5,PARENT OBJECT 5 NAME,SOURCE_TAG_HART6/MNN_LIMIT,GENERATION_METHOD_HART6/COMPANY_NAME,FIXED_POSITION_START_HART6/DISPLAY_VERSION_CONTROL_ENABLED,FIXED_POSITION_END_HART6/DEFAULT_LOGIC_SOLVER_VERSION,EXPRESSION_STRING_HART6/AUTO_COMMISSIONING_ENABLED,REPLACEMENT_STRING_HART6,REPLACEMENT_CHARACTER_HART6,AMS_TAG_HART6,USE_REPLACE_CHAR_HART6,,,,,,,,,
UNALLOCATED_DEVICE,TYPE,user,time,NAME,DST_TEMPLATE,TEMPLATE_APPLIED,,,,,,,,,,,,,,,,,,,,,,,,,
USER,TYPE,user,time,NAME,DESCRIPTION,FULL_NAME,OPERATING_SYSTEM_ACCOUNT,DELTAV_ADMINISTRATOR,DELTAV_BATCH_HISTORIAN_ADMINISTRATOR,DELTAV_EVENT_CHRONICLE_ADMINISTRATOR,DELTAV_BATCH_HISTORIAN_USER,WINDOWS_DESKTOP_ACCESS,WINDOWS_ADMINISTRATOR,ALLOW_TERMINAL_SERVER_LOGON,DELTAV_DATABASE_ACCOUNT,OPERATING_SYSTEM_DESCRIPTION,LOGON_SCRIPT,DISABLED_OPERATING_SYSTEM_ACCOUNT,DISABLED_DELTAV_DATABASE_ACCOUNT,PWD_CHANGE_ON_LOGON,USER_CANNOT_CHANGE_PWD,PWD_NEVER_EXPIRES,LOCAL_HOME_DIRECTORY,LOCAL_PATH,CONNECT,CONNECT_TO,DOMAIN_NAME,USER_ROLE,CERTIFICATE,,
USER_ALARM_INDEXED,TYPE,user,time,NAME,INDEX,DESCRIPTION,ALARM_WORD,MESSAGE,CATEGORY,SUMMARY_NO,DEFAULT_PARAM1,DEFAULT_PARAM2,WAVE_FILE,,,,,,,,,,,,,,,,,,
ACTUATOR_SENSOR_INTERFACE_DEVICE_TYPE_data,TYPE,NAME,ATTRIBUTE NAME,ATTRIBUTE VALUE,PARENT OBJECT 1,PARENT OBJECT 1 NAME,PARENT OBJECT 2,PARENT OBJECT 2 NAME,PARENT OBJECT 3,PARENT OBJECT 3 NAME,PARENT OBJECT 4,PARENT OBJECT 4 NAME,PARENT OBJECT 5,PARENT OBJECT 5 NAME,,,,,,,,,,,,,,,,,
ALARM_REPORT_data,TYPE,NAME,ATTRIBUTE NAME,ATTRIBUTE VALUE,PARENT OBJECT 1,PARENT OBJECT 1 NAME,PARENT OBJECT 2,PARENT OBJECT 2 NAME,PARENT OBJECT 3,PARENT OBJECT 3 NAME,PARENT OBJECT 4,PARENT OBJECT 4 NAME,PARENT OBJECT 5,PARENT OBJECT 5 NAME,,,,,,,,,,,,,,,,,
BATCH_EQUIPMENT_PHASE_CLASS_data,TYPE,NAME,CATEGORY,ATTRIBUTE NAME,ATTRIBUTE VALUE,PARENT OBJECT 1,PARENT OBJECT 1 NAME,PARENT OBJECT 2,PARENT OBJECT 2 NAME,PARENT OBJECT 3,PARENT OBJECT 3 NAME,PARENT OBJECT 4,PARENT OBJECT 4 NAME,PARENT OBJECT 5,PARENT OBJECT 5 NAME,,,,,,,,,,,,,,,,
BATCH_EQUIPMENT_PROCESS_CELL_CLASS_data,TYPE,NAME,CATEGORY,ATTRIBUTE NAME,ATTRIBUTE VALUE,PARENT OBJECT 1,PARENT OBJECT 1 NAME,PARENT OBJECT 2,PARENT OBJECT 2 NAME,PARENT OBJECT 3,PARENT OBJECT 3 NAME,,PARENT OBJECT 4 NAME,PARENT OBJECT 5,PARENT OBJECT 5 NAME,,,,,,,,,,,,,,,,
BATCH_EQUIPMENT_UNIT_MODULE_CLASS_data,TYPE,NAME,CATEGORY,ATTRIBUTE NAME,ATTRIBUTE VALUE,PARENT OBJECT 1,PARENT OBJECT 1 NAME,PARENT OBJECT 2,PARENT OBJECT 2 NAME,PARENT OBJECT 3,PARENT OBJECT 3 NAME,PARENT OBJECT 4,PARENT OBJECT 4 NAME,PARENT OBJECT 5,PARENT OBJECT 5 NAME,,,,,,,,,,,,,,,,
BATCH_EQUIPMENT_UNIT_MODULE_data,TYPE,NAME,CLASS,ATTRIBUTE NAME,ATTRIBUTE VALUE,PARENT OBJECT 1,PARENT OBJECT 1 NAME,PARENT OBJECT 2,PARENT OBJECT 2 NAME,PARENT OBJECT 3,PARENT OBJECT 3 NAME,PARENT OBJECT 4,PARENT OBJECT 4 NAME,PARENT OBJECT 5,PARENT OBJECT 5 NAME,,,,,,,,,,,,,,,,
BATCH_RECIPE_data,TYPE,NAME,TYPE,CATEGORY,ATTRIBUTE NAME,ATTRIBUTE VALUE,PARENT OBJECT 1,PARENT OBJECT 1 NAME,PARENT OBJECT 2,PARENT OBJECT 2 NAME,PARENT OBJECT 3,PARENT OBJECT 3 NAME,,PARENT OBJECT 4 NAME,PARENT OBJECT 5,PARENT OBJECT 5 NAME,,,,,,,,,,,,,,,
BATCH_SERVER_data,TYPE,NAME,ATTRIBUTE NAME,ATTRIBUTE VALUE,PARENT OBJECT 1,PARENT OBJECT 1 NAME,PARENT OBJECT 2,PARENT OBJECT 2 NAME,PARENT OBJECT 3,PARENT OBJECT 3 NAME,PARENT OBJECT 4,PARENT OBJECT 4 NAME,PARENT OBJECT 5,PARENT OBJECT 5 NAME,,,,,,,,,,,,,,,,,
CHARM_IO_SERVER_NODE_data,TYPE,NAME,ATTRIBUTE NAME,ATTRIBUTE VALUE,PARENT OBJECT 1,PARENT OBJECT 1 NAME,PARENT OBJECT 2,PARENT OBJECT 2 NAME,PARENT OBJECT 3,PARENT OBJECT 3 NAME,PARENT OBJECT 4,PARENT OBJECT 4 NAME,PARENT OBJECT 5,PARENT OBJECT 5 NAME,,,,,,,,,,,,,,,,,
CHARM_TYPE_DEFINITION_data,TYPE,NAME,CLASS,ATTRIBUTE NAME,ATTRIBUTE VALUE,PARENT OBJECT 1,PARENT OBJECT 1 NAME,PARENT OBJECT 2,PARENT OBJECT 2 NAME,PARENT OBJECT 3,PARENT OBJECT 3 NAME,PARENT OBJECT 4,PARENT OBJECT 4 NAME,PARENT OBJECT 5,PARENT OBJECT 5 NAME,,,,,,,,,,,,,,,,
CHARMS_LOGIC_SOLVER_data,TYPE,NAME,CONTROLLER,ATTRIBUTE NAME,ATTRIBUTE VALUE,PARENT OBJECT 1,PARENT OBJECT 1 NAME,PARENT OBJECT 2,PARENT OBJECT 2 NAME,PARENT OBJECT 3,PARENT OBJECT 3 NAME,PARENT OBJECT 4,PARENT OBJECT 4 NAME,PARENT OBJECT 5,PARENT OBJECT 5 NAME,,,,,,,,,,,,,,,,
CHARMS_LOGICSOLVER_INSTALLATION_RECORDS_data,TYPE,NAME,ATTRIBUTE NAME,ATTRIBUTE VALUE,PARENT OBJECT 1,PARENT OBJECT 1 NAME,PARENT OBJECT 2,PARENT OBJECT 2 NAME,PARENT OBJECT 3,PARENT OBJECT 3 NAME,PARENT OBJECT 4,PARENT OBJECT 4 NAME,PARENT OBJECT 5,PARENT OBJECT 5 NAME,,,,,,,,,,,,,,,,,
CONTROLLER_NODE_data,TYPE,NAME,ATTRIBUTE NAME,ATTRIBUTE VALUE,PARENT OBJECT 1,PARENT OBJECT 1 NAME,PARENT OBJECT 2,PARENT OBJECT 2 NAME,PARENT OBJECT 3,PARENT OBJECT 3 NAME,PARENT OBJECT 4,PARENT OBJECT 4 NAME,PARENT OBJECT 5,PARENT OBJECT 5 NAME,,,,,,,,,,,,,,,,,
DEVICE_MANUFACTURER_data,TYPE,NAME,ATTRIBUTE NAME,ATTRIBUTE VALUE,PARENT OBJECT 1,PARENT OBJECT 1 NAME,PARENT OBJECT 2,PARENT OBJECT 2 NAME,PARENT OBJECT 3,PARENT OBJECT 3 NAME,PARENT OBJECT 4,PARENT OBJECT 4 NAME,PARENT OBJECT 5,PARENT OBJECT 5 NAME,,,,,,,,,,,,,,,,,
DEVICENET_CARD_data,TYPE,CARD_SLOT,IO_SUBSYSTEM,CONTROLLER,DEFINITION,ATTRIBUTE NAME,ATTRIBUTE VALUE,PARENT OBJECT 1,PARENT OBJECT 1 NAME,PARENT OBJECT 2,PARENT OBJECT 2 NAME,PARENT OBJECT 3,PARENT OBJECT 3 NAME,PARENT OBJECT 4,PARENT OBJECT 4 NAME,PARENT OBJECT 5,PARENT OBJECT 5 NAME,,,,,,,,,,,,,,
DEVICENET_DEVICE_data,TYPE,NAME,MANUFACTURER,DEVICENET_DEVICE_TYPE,REVISION,ATTRIBUTE NAME,ATTRIBUTE VALUE,PARENT OBJECT 1,PARENT OBJECT 1 NAME,PARENT OBJECT 2,PARENT OBJECT 2 NAME,PARENT OBJECT 3,PARENT OBJECT 3 NAME,PARENT OBJECT 4,PARENT OBJECT 4 NAME,PARENT OBJECT 5,PARENT OBJECT 5 NAME,,,,,,,,,,,,,,
DEVICENET_DEVICE_REVISION_data,TYPE,REVISION,MANUFACTURER,DEVICENET_DEVICE_TYPE,EDS_FILE_SIGNATURE,ATTRIBUTE NAME,ATTRIBUTE VALUE,PARENT OBJECT 1,PARENT OBJECT 1 NAME,PARENT OBJECT 2,PARENT OBJECT 2 NAME,PARENT OBJECT 3,PARENT OBJECT 3 NAME,PARENT OBJECT 4,PARENT OBJECT 4 NAME,PARENT OBJECT 5,PARENT OBJECT 5 NAME,,,,,,,,,,,,,,
DEVICENET_USER_DEVICE_TYPE_data,TYPE,NAME,MANUFACTURER,ATTRIBUTE NAME,ATTRIBUTE VALUE,PARENT OBJECT 1,PARENT OBJECT 1 NAME,PARENT OBJECT 2,PARENT OBJECT 2 NAME,PARENT OBJECT 3,PARENT OBJECT 3 NAME,PARENT OBJECT 4,PARENT OBJECT 4 NAME,PARENT OBJECT 5,PARENT OBJECT 5 NAME,,,,,,,,,,,,,,,,
ELECTRONIC_SIGNATURE_POLICY_data,TYPE,NAME,user,time,ATTRIBUTE NAME,ATTRIBUTE VALUE,PARENT OBJECT 1,PARENT OBJECT 1 NAME,PARENT OBJECT 2,PARENT OBJECT 2 NAME,PARENT OBJECT 3,PARENT OBJECT 3 NAME,PARENT OBJECT 4,PARENT OBJECT 4 NAME,PARENT OBJECT 5,PARENT OBJECT 5 NAME,,,,,,,,,,,,,,,
ENUMERATION_SET_data,TYPE,NAME,FIXED,ATTRIBUTE NAME,ATTRIBUTE VALUE,PARENT OBJECT 1,PARENT OBJECT 1 NAME,PARENT OBJECT 2,PARENT OBJECT 2 NAME,PARENT OBJECT 3,PARENT OBJECT 3 NAME,PARENT OBJECT 4,PARENT OBJECT 4 NAME,PARENT OBJECT 5,PARENT OBJECT 5 NAME,,,,,,,,,,,,,,,,
ENUMERATION_SET_ID_data,TYPE,NAME,ATTRIBUTE NAME,ATTRIBUTE VALUE,PARENT OBJECT 1,PARENT OBJECT 1 NAME,PARENT OBJECT 2,PARENT OBJECT 2 NAME,PARENT OBJECT 3,PARENT OBJECT 3 NAME,PARENT OBJECT 4,PARENT OBJECT 4 NAME,PARENT OBJECT 5,PARENT OBJECT 5 NAME,,,,,,,,,,,,,,,,,
ETHERNET_IO_CONTROL_TAG_DEFINITION_data,TYPE,NAME,CATEGORY,TYPE,ATTRIBUTE NAME,ATTRIBUTE VALUE,PARENT OBJECT 1,PARENT OBJECT 1 NAME,PARENT OBJECT 2,PARENT OBJECT 2 NAME,PARENT OBJECT 3,PARENT OBJECT 3 NAME,PARENT OBJECT 4,PARENT OBJECT 4 NAME,PARENT OBJECT 5,PARENT OBJECT 5 NAME,,,,,,,,,,,,,,,
ETHERNET_IO_CONTROLLER_NODE_data,TYPE,NAME,ATTRIBUTE NAME,ATTRIBUTE VALUE,PARENT OBJECT 1,PARENT OBJECT 1 NAME,PARENT OBJECT 2,PARENT OBJECT 2 NAME,PARENT OBJECT 3,PARENT OBJECT 3 NAME,PARENT OBJECT 4,PARENT OBJECT 4 NAME,PARENT OBJECT 5,PARENT OBJECT 5 NAME,,,,,,,,,,,,,,,,,
ETHERNET_IO_MODBUS_TCP_LOGICAL_DEVICE_data,TYPE,NAME,PHYSICAL_DEVICE,PORT,CONTROLLER,ATTRIBUTE NAME,ATTRIBUTE VALUE,PARENT OBJECT 1,PARENT OBJECT 1 NAME,PARENT OBJECT 2,PARENT OBJECT 2 NAME,PARENT OBJECT 3,PARENT OBJECT 3 NAME,PARENT OBJECT 4,PARENT OBJECT 4 NAME,PARENT OBJECT 5,PARENT OBJECT 5 NAME,,,,,,,,,,,,,,
ETHERNET_IO_PHYSICAL_DEVICE_data,TYPE,NAME,PORT,CONTROLLER,ATTRIBUTE NAME,ATTRIBUTE VALUE,PARENT OBJECT 1,PARENT OBJECT 1 NAME,PARENT OBJECT 2,PARENT OBJECT 2 NAME,PARENT OBJECT 3,PARENT OBJECT 3 NAME,PARENT OBJECT 4,PARENT OBJECT 4 NAME,PARENT OBJECT 5,PARENT OBJECT 5 NAME,,,,,,,,,,,,,,,
FIELDBUS_DEVICE_DEFINITION_REVISION_data,TYPE,MANUFACTURER,TYPE,REVISION,DDREV,ATTRIBUTE NAME,ATTRIBUTE VALUE,PARENT OBJECT 1,PARENT OBJECT 1 NAME,PARENT OBJECT 2,PARENT OBJECT 2 NAME,PARENT OBJECT 3,PARENT OBJECT 3 NAME,PARENT OBJECT 4,PARENT OBJECT 4 NAME,PARENT OBJECT 5,PARENT OBJECT 5 NAME,,,,,,,,,,,,,,
FIELDBUS_DEVICE_REVISION_CONTAINER_data,TYPE,MANUFACTURER,TYPE,REVISION,ATTRIBUTE NAME,ATTRIBUTE VALUE,PARENT OBJECT 1,PARENT OBJECT 1 NAME,PARENT OBJECT 2,PARENT OBJECT 2 NAME,PARENT OBJECT 3,PARENT OBJECT 3 NAME,PARENT OBJECT 4,PARENT OBJECT 4 NAME,PARENT OBJECT 5,PARENT OBJECT 5 NAME,,,,,,,,,,,,,,,
FIELDBUS_DEVICE_REVISION_data,TYPE,MANUFACTURER,TYPE,REVISION,ATTRIBUTE NAME,ATTRIBUTE VALUE,PARENT OBJECT 1,PARENT OBJECT 1 NAME,PARENT OBJECT 2,PARENT OBJECT 2 NAME,PARENT OBJECT 3,PARENT OBJECT 3 NAME,PARENT OBJECT 4,PARENT OBJECT 4 NAME,PARENT OBJECT 5,PARENT OBJECT 5 NAME,,,,,,,,,,,,,,,
FIELDBUS_DEVICE_TYPE_data,TYPE,NAME,DEVICE_TYPE_ID,MANUFACTURER,ATTRIBUTE NAME,ATTRIBUTE VALUE,PARENT OBJECT 1,PARENT OBJECT 1 NAME,PARENT OBJECT 2,PARENT OBJECT 2 NAME,PARENT OBJECT 3,PARENT OBJECT 3 NAME,PARENT OBJECT 4,PARENT OBJECT 4 NAME,PARENT OBJECT 5,PARENT OBJECT 5 NAME,,,,,,,,,,,,,,,
FIELDBUS_IO_CARD_data,TYPE,CARD_SLOT,IO_SUBSYSTEM,CONTROLLER,DEFINITION,ATTRIBUTE NAME,ATTRIBUTE VALUE,PARENT OBJECT 1,PARENT OBJECT 1 NAME,PARENT OBJECT 2,PARENT OBJECT 2 NAME,PARENT OBJECT 3,PARENT OBJECT 3 NAME,PARENT OBJECT 4,PARENT OBJECT 4 NAME,PARENT OBJECT 5,PARENT OBJECT 5 NAME,,,,,,,,,,,,,,
FIELDBUS_LOGICAL_DEVICE_data,TYPE,NAME,MANUFACTURER,TYPE,REVISION,DDREV,ATTRIBUTE NAME,ATTRIBUTE VALUE,PARENT OBJECT 1,PARENT OBJECT 1 NAME,PARENT OBJECT 2,PARENT OBJECT 2 NAME,PARENT OBJECT 3,PARENT OBJECT 3 NAME,PARENT OBJECT 4,PARENT OBJECT 4 NAME,PARENT OBJECT 5,PARENT OBJECT 5 NAME,,,,,,,,,,,,,
FIELDBUS_PHYSICAL_DEVICE_data,TYPE,ID,MANUFACTURER,TYPE,REVISION,DDREV,ATTRIBUTE NAME,ATTRIBUTE VALUE,PARENT OBJECT 1,PARENT OBJECT 1 NAME,PARENT OBJECT 2,PARENT OBJECT 2 NAME,PARENT OBJECT 3,PARENT OBJECT 3 NAME,PARENT OBJECT 4,PARENT OBJECT 4 NAME,PARENT OBJECT 5,PARENT OBJECT 5 NAME,,,,,,,,,,,,,
FIELDBUS_PORT_DEVICE_REVISION_data,TYPE,MANUFACTURER,TYPE,REVISION,ATTRIBUTE NAME,ATTRIBUTE VALUE,PARENT OBJECT 1,PARENT OBJECT 1 NAME,PARENT OBJECT 2,PARENT OBJECT 2 NAME,PARENT OBJECT 3,PARENT OBJECT 3 NAME,PARENT OBJECT 4,PARENT OBJECT 4 NAME,PARENT OBJECT 5,PARENT OBJECT 5 NAME,,,,,,,,,,,,,,,
FUNCTION_BLOCK_DEFINITION_data,TYPE,NAME,CATEGORY,ATTRIBUTE NAME,ATTRIBUTE VALUE,PARENT OBJECT 1,PARENT OBJECT 1 NAME,PARENT OBJECT 2,PARENT OBJECT 2 NAME,PARENT OBJECT 3,PARENT OBJECT 3 NAME,PARENT OBJECT 4,PARENT OBJECT 4 NAME,PARENT OBJECT 5,PARENT OBJECT 5 NAME,,,,,,,,,,,,,,,,
FUNCTION_BLOCK_TEMPLATE_data,TYPE,NAME,ATTRIBUTE NAME,ATTRIBUTE VALUE,PARENT OBJECT 1,PARENT OBJECT 1 NAME,PARENT OBJECT 2,PARENT OBJECT 2 NAME,PARENT OBJECT 3,PARENT OBJECT 3 NAME,PARENT OBJECT 4,PARENT OBJECT 4 NAME,PARENT OBJECT 5,PARENT OBJECT 5 NAME,,,,,,,,,,,,,,,,,
GROUP_data,TYPE,NAME,ATTRIBUTE NAME,ATTRIBUTE VALUE,PARENT OBJECT 1,PARENT OBJECT 1 NAME,PARENT OBJECT 2,PARENT OBJECT 2 NAME,PARENT OBJECT 3,PARENT OBJECT 3 NAME,PARENT OBJECT 4,PARENT OBJECT 4 NAME,PARENT OBJECT 5,PARENT OBJECT 5 NAME,,,,,,,,,,,,,,,,,
HART_DEVICE_DEFINITION_REVISION_data,TYPE,DDREV,REVISION,DEVICE_REVISION_ID,MANUFACTURER,HART_DEVICE_TYPE,ATTRIBUTE NAME,ATTRIBUTE VALUE,PARENT OBJECT 1,PARENT OBJECT 1 NAME,PARENT OBJECT 2,PARENT OBJECT 2 NAME,PARENT OBJECT 3,PARENT OBJECT 3 NAME,PARENT OBJECT 4,PARENT OBJECT 4 NAME,PARENT OBJECT 5,PARENT OBJECT 5 NAME,,,,,,,,,,,,,
HART_DEVICE_REVISION_CONTAINER_data,TYPE,REVISION,DEVICE_REVISION_ID,MANUFACTURER,HART_DEVICE_TYPE,ATTRIBUTE NAME,ATTRIBUTE VALUE,PARENT OBJECT 1,PARENT OBJECT 1 NAME,PARENT OBJECT 2,PARENT OBJECT 2 NAME,PARENT OBJECT 3,PARENT OBJECT 3 NAME,PARENT OBJECT 4,PARENT OBJECT 4 NAME,PARENT OBJECT 5,PARENT OBJECT 5 NAME,,,,,,,,,,,,,,
HART_DEVICE_TYPE_data,TYPE,NAME,DEVICE_TYPE_ID,MANUFACTURER,ATTRIBUTE NAME,ATTRIBUTE VALUE,PARENT OBJECT 1,PARENT OBJECT 1 NAME,PARENT OBJECT 2,PARENT OBJECT 2 NAME,PARENT OBJECT 3,PARENT OBJECT 3 NAME,PARENT OBJECT 4,PARENT OBJECT 4 NAME,PARENT OBJECT 5,PARENT OBJECT 5 NAME,,,,,,,,,,,,,,,
INTEGRATION_NODE_data,TYPE,NAME,ATTRIBUTE NAME,ATTRIBUTE VALUE,PARENT OBJECT 1,PARENT OBJECT 1 NAME,PARENT OBJECT 2,PARENT OBJECT 2 NAME,PARENT OBJECT 3,PARENT OBJECT 3 NAME,PARENT OBJECT 4,PARENT OBJECT 4 NAME,PARENT OBJECT 5,PARENT OBJECT 5 NAME,,,,,,,,,,,,,,,,,
IO_CARD_data,TYPE,CARD_SLOT,IO_SUBSYSTEM/FILE,CONTROLLER,DEFINITION,ATTRIBUTE NAME,ATTRIBUTE VALUE,PARENT OBJECT 1,PARENT OBJECT 1 NAME,PARENT OBJECT 2,PARENT OBJECT 2 NAME,PARENT OBJECT 3,PARENT OBJECT 3 NAME,PARENT OBJECT 4,PARENT OBJECT 4 NAME,PARENT OBJECT 5,PARENT OBJECT 5 NAME,,,,,,,,,,,,,,
LOCK_data,TYPE,NAME,ID,ATTRIBUTE NAME,ATTRIBUTE VALUE,PARENT OBJECT 1,PARENT OBJECT 1 NAME,PARENT OBJECT 2,PARENT OBJECT 2 NAME,PARENT OBJECT 3,PARENT OBJECT 3 NAME,PARENT OBJECT 4,PARENT OBJECT 4 NAME,PARENT OBJECT 5,PARENT OBJECT 5 NAME,,,,,,,,,,,,,,,,
MODULE_CLASS_data,TYPE,NAME,CATEGORY,ATTRIBUTE NAME,ATTRIBUTE VALUE,PARENT OBJECT 1,PARENT OBJECT 1 NAME,PARENT OBJECT 2,PARENT OBJECT 2 NAME,PARENT OBJECT 3,PARENT OBJECT 3 NAME,PARENT OBJECT 4,PARENT OBJECT 4 NAME,PARENT OBJECT 5,PARENT OBJECT 5 NAME,,,,,,,,,,,,,,,,
MODULE_data,TYPE,TAG,PLANT_AREA,CATEGORY,ATTRIBUTE NAME,ATTRIBUTE VALUE,PARENT OBJECT 1,PARENT OBJECT 1 NAME,PARENT OBJECT 2,PARENT OBJECT 2 NAME,PARENT OBJECT 3,PARENT OBJECT 3 NAME,PARENT OBJECT 4,PARENT OBJECT 4 NAME,PARENT OBJECT 5,PARENT OBJECT 5 NAME,,,,,,,,,,,,,,,
MODULE_INSTANCE_data,TYPE,TAG,PLANT_AREA,MODULE_CLASS,CATEGORY,ATTRIBUTE NAME,ATTRIBUTE VALUE,PARENT OBJECT 1,PARENT OBJECT 1 NAME,PARENT OBJECT 2,PARENT OBJECT 2 NAME,PARENT OBJECT 3,PARENT OBJECT 3 NAME,PARENT OBJECT 4,PARENT OBJECT 4 NAME,PARENT OBJECT 5,PARENT OBJECT 5 NAME,,,,,,,,,,,,,,
NODE_INSTALLATION_RECORDS_data,TYPE,NODE,ATTRIBUTE NAME,ATTRIBUTE VALUE,PARENT OBJECT 1,PARENT OBJECT 1 NAME,PARENT OBJECT 2,PARENT OBJECT 2 NAME,PARENT OBJECT 3,PARENT OBJECT 3 NAME,PARENT OBJECT 4,PARENT OBJECT 4 NAME,PARENT OBJECT 5,PARENT OBJECT 5 NAME,,,,,,,,,,,,,,,,,
NODE_TYPE_data,TYPE,NAME,ATTRIBUTE NAME,ATTRIBUTE VALUE,PARENT OBJECT 1,PARENT OBJECT 1 NAME,PARENT OBJECT 2,PARENT OBJECT 2 NAME,PARENT OBJECT 3,PARENT OBJECT 3 NAME,PARENT OBJECT 4,PARENT OBJECT 4 NAME,PARENT OBJECT 5,PARENT OBJECT 5 NAME,,,,,,,,,,,,,,,,,
OPERATOR_NODE_data,TYPE,NAME,ATTRIBUTE NAME,ATTRIBUTE VALUE,PARENT OBJECT 1,PARENT OBJECT 1 NAME,PARENT OBJECT 2,PARENT OBJECT 2 NAME,PARENT OBJECT 3,PARENT OBJECT 3 NAME,PARENT OBJECT 4,PARENT OBJECT 4 NAME,PARENT OBJECT 5,PARENT OBJECT 5 NAME,,,,,,,,,,,,,,,,,
PK_CONTROLLER_NODE_data,TYPE,NAME,ATTRIBUTE NAME,ATTRIBUTE VALUE,PARENT OBJECT 1,PARENT OBJECT 1 NAME,PARENT OBJECT 2,PARENT OBJECT 2 NAME,PARENT OBJECT 3,PARENT OBJECT 3 NAME,PARENT OBJECT 4,PARENT OBJECT 4 NAME,PARENT OBJECT 5,PARENT OBJECT 5 NAME,,,,,,,,,,,,,,,,,
PLANT_AREA_data,TYPE,NAME,INDEX,ATTRIBUTE NAME,ATTRIBUTE VALUE,PARENT OBJECT 1,PARENT OBJECT 1 NAME,PARENT OBJECT 2,PARENT OBJECT 2 NAME,PARENT OBJECT 3,PARENT OBJECT 3 NAME,PARENT OBJECT 4,PARENT OBJECT 4 NAME,PARENT OBJECT 5,PARENT OBJECT 5 NAME,,,,,,,,,,,,,,,,
PROCESS_CELL_data,TYPE,NAME,PLANT_AREA,ATTRIBUTE NAME,ATTRIBUTE VALUE,PARENT OBJECT 1,PARENT OBJECT 1 NAME,PARENT OBJECT 2,PARENT OBJECT 2 NAME,PARENT OBJECT 3,PARENT OBJECT 3 NAME,PARENT OBJECT 4,PARENT OBJECT 4 NAME,PARENT OBJECT 5,PARENT OBJECT 5 NAME,,,,,,,,,,,,,,,,
PROFIBUS_DEVICE_MODEL_data,TYPE,NAME,MANUFACTURER,ATTRIBUTE NAME,ATTRIBUTE VALUE,PARENT OBJECT 1,PARENT OBJECT 1 NAME,PARENT OBJECT 2,PARENT OBJECT 2 NAME,PARENT OBJECT 3,PARENT OBJECT 3 NAME,PARENT OBJECT 4,PARENT OBJECT 4 NAME,PARENT OBJECT 5,PARENT OBJECT 5 NAME,,,,,,,,,,,,,,,,
PROFIBUS_DEVICE_REVISION_data,TYPE,NAME,MANUFACTURER,MODEL,STATION_TYPE,GSD_FILE_SIGNATURE,ATTRIBUTE NAME,ATTRIBUTE VALUE,PARENT OBJECT 1,PARENT OBJECT 1 NAME,PARENT OBJECT 2,PARENT OBJECT 2 NAME,PARENT OBJECT 3,PARENT OBJECT 3 NAME,PARENT OBJECT 4,PARENT OBJECT 4 NAME,PARENT OBJECT 5,PARENT OBJECT 5 NAME,,,,,,,,,,,,,
PROVOX_CONTROL_IO_FILE_data,TYPE,FILE_NUMBER,CONTROLLER,ATTRIBUTE NAME,ATTRIBUTE VALUE,PARENT OBJECT 1,PARENT OBJECT 1 NAME,PARENT OBJECT 2,PARENT OBJECT 2 NAME,PARENT OBJECT 3,PARENT OBJECT 3 NAME,PARENT OBJECT 4,PARENT OBJECT 4 NAME,PARENT OBJECT 5,PARENT OBJECT 5 NAME,,,,,,,,,,,,,,,,
PROVOX_DISTRIBUTED_IO_FILE_data,TYPE,FILE_NUMBER,CONTROLLER,ATTRIBUTE NAME,ATTRIBUTE VALUE,PARENT OBJECT 1,PARENT OBJECT 1 NAME,PARENT OBJECT 2,PARENT OBJECT 2 NAME,PARENT OBJECT 3,PARENT OBJECT 3 NAME,PARENT OBJECT 4,PARENT OBJECT 4 NAME,PARENT OBJECT 5,PARENT OBJECT 5 NAME,,,,,,,,,,,,,,,,
PROVOX_MIGRATION_CONTROLLER_NODE_data,TYPE,NAME,ATTRIBUTE NAME,ATTRIBUTE VALUE,PARENT OBJECT 1,PARENT OBJECT 1 NAME,PARENT OBJECT 2,PARENT OBJECT 2 NAME,PARENT OBJECT 3,PARENT OBJECT 3 NAME,PARENT OBJECT 4,PARENT OBJECT 4 NAME,PARENT OBJECT 5,PARENT OBJECT 5 NAME,,,,,,,,,,,,,,,,,
SERIAL_IO_CARD_data,TYPE,CARD_SLOT,IO_SUBSYSTEM,CONTROLLER,DEFINITION,ATTRIBUTE NAME,ATTRIBUTE VALUE,PARENT OBJECT 1,PARENT OBJECT 1 NAME,PARENT OBJECT 2,PARENT OBJECT 2 NAME,PARENT OBJECT 3,PARENT OBJECT 3 NAME,PARENT OBJECT 4,PARENT OBJECT 4 NAME,PARENT OBJECT 5,PARENT OBJECT 5 NAME,,,,,,,,,,,,,,
SIF_FIELD_SECURITY_data,TYPE,ATTRIBUTE NAME,ATTRIBUTE VALUE,PARENT OBJECT 1,PARENT OBJECT 1 NAME,PARENT OBJECT 2,PARENT OBJECT 2 NAME,PARENT OBJECT 3,PARENT OBJECT 3 NAME,PARENT OBJECT 4,PARENT OBJECT 4 NAME,PARENT OBJECT 5,PARENT OBJECT 5 NAME,,,,,,,,,,,,,,,,,,
SIF_FUNCTION_SECURITY_data,TYPE,ATTRIBUTE NAME,ATTRIBUTE VALUE,PARENT OBJECT 1,PARENT OBJECT 1 NAME,PARENT OBJECT 2,PARENT OBJECT 2 NAME,PARENT OBJECT 3,PARENT OBJECT 3 NAME,PARENT OBJECT 4,PARENT OBJECT 4 NAME,PARENT OBJECT 5,PARENT OBJECT 5 NAME,,,,,,,,,,,,,,,,,,
SIF_PARAMETER_SECURITY_data,TYPE,ATTRIBUTE NAME,ATTRIBUTE VALUE,PARENT OBJECT 1,PARENT OBJECT 1 NAME,PARENT OBJECT 2,PARENT OBJECT 2 NAME,PARENT OBJECT 3,PARENT OBJECT 3 NAME,PARENT OBJECT 4,PARENT OBJECT 4 NAME,PARENT OBJECT 5,PARENT OBJECT 5 NAME,,,,,,,,,,,,,,,,,,
SIS_CONTROLLER_NODE_data,TYPE,NAME,ATTRIBUTE NAME,ATTRIBUTE VALUE,PARENT OBJECT 1,PARENT OBJECT 1 NAME,PARENT OBJECT 2,PARENT OBJECT 2 NAME,PARENT OBJECT 3,PARENT OBJECT 3 NAME,PARENT OBJECT 4,PARENT OBJECT 4 NAME,PARENT OBJECT 5,PARENT OBJECT 5 NAME,,,,,,,,,,,,,,,,,
SIS_ENUMERATION_SET_data,TYPE,NAME,FIXED,ATTRIBUTE NAME,ATTRIBUTE VALUE,PARENT OBJECT 1,PARENT OBJECT 1 NAME,PARENT OBJECT 2,PARENT OBJECT 2 NAME,PARENT OBJECT 3,PARENT OBJECT 3 NAME,PARENT OBJECT 4,PARENT OBJECT 4 NAME,PARENT OBJECT 5,PARENT OBJECT 5 NAME,,,,,,,,,,,,,,,,
SIS_ENUMERATION_SET_ID_data,TYPE,NAME,ATTRIBUTE NAME,ATTRIBUTE VALUE,PARENT OBJECT 1,PARENT OBJECT 1 NAME,PARENT OBJECT 2,PARENT OBJECT 2 NAME,PARENT OBJECT 3,PARENT OBJECT 3 NAME,PARENT OBJECT 4,PARENT OBJECT 4 NAME,PARENT OBJECT 5,PARENT OBJECT 5 NAME,,,,,,,,,,,,,,,,,
SIS_FUNCTION_BLOCK_DEFINITION_data,TYPE,NAME,CATEGORY,ATTRIBUTE NAME,ATTRIBUTE VALUE,PARENT OBJECT 1,PARENT OBJECT 1 NAME,PARENT OBJECT 2,PARENT OBJECT 2 NAME,PARENT OBJECT 3,PARENT OBJECT 3 NAME,PARENT OBJECT 4,PARENT OBJECT 4 NAME,PARENT OBJECT 5,PARENT OBJECT 5 NAME,,,,,,,,,,,,,,,,
SIS_LOCK_data,TYPE,NAME,ID,ATTRIBUTE NAME,ATTRIBUTE VALUE,PARENT OBJECT 1,PARENT OBJECT 1 NAME,PARENT OBJECT 2,PARENT OBJECT 2 NAME,PARENT OBJECT 3,PARENT OBJECT 3 NAME,PARENT OBJECT 4,PARENT OBJECT 4 NAME,PARENT OBJECT 5,PARENT OBJECT 5 NAME,,,,,,,,,,,,,,,,
SIS_SYSTEM_ALARM_data,TYPE,INDEX,NAME,ATTRIBUTE NAME,ATTRIBUTE VALUE,PARENT OBJECT 1,PARENT OBJECT 1 NAME,PARENT OBJECT 2,PARENT OBJECT 2 NAME,PARENT OBJECT 3,PARENT OBJECT 3 NAME,PARENT OBJECT 4,PARENT OBJECT 4 NAME,PARENT OBJECT 5,PARENT OBJECT 5 NAME,,,,,,,,,,,,,,,,
SIS_SYSTEM_ENUMERATION_SET_data,TYPE,NAME,ATTRIBUTE NAME,ATTRIBUTE VALUE,PARENT OBJECT 1,PARENT OBJECT 1 NAME,PARENT OBJECT 2,PARENT OBJECT 2 NAME,PARENT OBJECT 3,PARENT OBJECT 3 NAME,PARENT OBJECT 4,PARENT OBJECT 4 NAME,PARENT OBJECT 5,PARENT OBJECT 5 NAME,,,,,,,,,,,,,,,,,
SNAPSHOT_VCR_data,TYPE,DBID,ATTRIBUTE NAME,ATTRIBUTE VALUE,PARENT OBJECT 1,PARENT OBJECT 1 NAME,PARENT OBJECT 2,PARENT OBJECT 2 NAME,PARENT OBJECT 3,PARENT OBJECT 3 NAME,PARENT OBJECT 4,PARENT OBJECT 4 NAME,PARENT OBJECT 5,PARENT OBJECT 5 NAME,,,,,,,,,,,,,,,,,
SOFTWARE_LICENSE_BUNDLE_data,TYPE,ID,ATTRIBUTE NAME,ATTRIBUTE VALUE,PARENT OBJECT 1,PARENT OBJECT 1 NAME,PARENT OBJECT 2,PARENT OBJECT 2 NAME,PARENT OBJECT 3,PARENT OBJECT 3 NAME,PARENT OBJECT 4,PARENT OBJECT 4 NAME,PARENT OBJECT 5,PARENT OBJECT 5 NAME,,,,,,,,,,,,,,,,,
SYSTEM_ALARM_data,TYPE,INDEX,NAME,ATTRIBUTE NAME,ATTRIBUTE VALUE,PARENT OBJECT 1,PARENT OBJECT 1 NAME,PARENT OBJECT 2,PARENT OBJECT 2 NAME,PARENT OBJECT 3,PARENT OBJECT 3 NAME,PARENT OBJECT 4,PARENT OBJECT 4 NAME,PARENT OBJECT 5,PARENT OBJECT 5 NAME,,,,,,,,,,,,,,,,
SYSTEM_BATCH_UNIT_SELECTION_POLICY_data,TYPE,NAME,CATEGORY,ATTRIBUTE NAME,ATTRIBUTE VALUE,PARENT OBJECT 1,PARENT OBJECT 1 NAME,PARENT OBJECT 2,PARENT OBJECT 2 NAME,PARENT OBJECT 3,PARENT OBJECT 3 NAME,PARENT OBJECT 4,PARENT OBJECT 4 NAME,PARENT OBJECT 5,PARENT OBJECT 5 NAME,,,,,,,,,,,,,,,,
SYSTEM_ENUMERATION_SET_data,TYPE,NAME,ATTRIBUTE NAME,ATTRIBUTE VALUE,PARENT OBJECT 1,PARENT OBJECT 1 NAME,PARENT OBJECT 2,PARENT OBJECT 2 NAME,PARENT OBJECT 3,PARENT OBJECT 3 NAME,PARENT OBJECT 4,PARENT OBJECT 4 NAME,PARENT OBJECT 5,PARENT OBJECT 5 NAME,,,,,,,,,,,,,,,,,
UNALLOCATED_DEVICE_data,TYPE,NAME,ATTRIBUTE NAME,ATTRIBUTE VALUE,PARENT OBJECT 1,PARENT OBJECT 1 NAME,PARENT OBJECT 2,PARENT OBJECT 2 NAME,PARENT OBJECT 3,PARENT OBJECT 3 NAME,PARENT OBJECT 4,PARENT OBJECT 4 NAME,PARENT OBJECT 5,PARENT OBJECT 5 NAME,,,,,,,,,,,,,,,,,
USER_ALARM_INDEXED_data,TYPE,NAME,INDEX,ATTRIBUTE NAME,ATTRIBUTE VALUE,PARENT OBJECT 1,PARENT OBJECT 1 NAME,PARENT OBJECT 2,PARENT OBJECT 2 NAME,PARENT OBJECT 3,PARENT OBJECT 3 NAME,PARENT OBJECT 4,PARENT OBJECT 4 NAME,PARENT OBJECT 5,PARENT OBJECT 5 NAME,,,,,,,,,,,,,,,,
USER_data,TYPE,NAME,ATTRIBUTE NAME,ATTRIBUTE VALUE,PARENT OBJECT 1,PARENT OBJECT 1 NAME,PARENT OBJECT 2,PARENT OBJECT 2 NAME,PARENT OBJECT 3,PARENT OBJECT 3 NAME,PARENT OBJECT 4,PARENT OBJECT 4 NAME,PARENT OBJECT 5,PARENT OBJECT 5 NAME,,,,,,,,,,,,,,,,,
WIRELESS_GATEWAY_NODE_data,TYPE,NAME,ATTRIBUTE NAME,ATTRIBUTE VALUE,PARENT OBJECT 1,PARENT OBJECT 1 NAME,PARENT OBJECT 2,PARENT OBJECT 2 NAME,PARENT OBJECT 3,PARENT OBJECT 3 NAME,PARENT OBJECT 4,PARENT OBJECT 4 NAME,PARENT OBJECT 5,PARENT OBJECT 5 NAME,,,,,,,,,,,,,,,,,
SIS_USER_ALARM_INDEXED,TYPE,NAME,INDEX,user,time,DESCRIPTION,ALARM_WORD,MESSAGE,CATEGORY,SUMMARY_NO,DEFAULT_PARAM1,DEFAULT_PARAM2,WAVE_FILE
SIS_USER_ALARM_INDEXED_data,TYPE,NAME,INDEX,user,ATTRIBUTE NAME,ATTRIBUTE VALUE,PARENT OBJECT 1,PARENT OBJECT 1 NAME,PARENT OBJECT 2,PARENT OBJECT2 NAME,PARENT OBJECT 3,PARENT OBJECT3 NAME,PARENT OBJECT 4,PARENT OBJECT4 NAME,PARENT OBJECT 5,PARENT OBJECT5 NAME
WIRELESS_HART_IO_CARD,TYPE,NAME,user,time,DESCRIPTION,ID,DEVICE_INDEX,REDUNDANT,MAC_HARDWARE_ADDRESS,SECOND_MAC_HARDWARE_ADDRESS,REPORT_TIME_OUT_OF_SYNC_ERRORS,COLD_RESTART_TIME,PLANT_AREA,HARDWARE_ALARMS_ENABLED,PRIMARY_CONTROL_DISPLAY,INSTRUMENT_AREA_DISPLAY,DETAIL_DISPLAY,PRIMARY_CASCADE_PORT_ENABLED,SECONDARY_CASCADE_PORT_ENABLED,NETWORK_ID,DEVICE_COMMISSIONING_MODE,COMMON_JOIN_KEY,NETWORK_KEY_ROTATION,NETWORK_KEY_ROTATION_PERIOD,HART_IP_PORT_ENABLED,HART_IP_PORT_PROPERTY
WIRELESS_HART_IO_CARD_data,TYPE,NAME,user,time,ATTRIBUTE NAME,ATTRIBUTE VALUE,PARENT OBJECT 1,PARENT OBJECT 1 NAME,PARENT OBJECT 2,PARENT OBJECT2 NAME,PARENT OBJECT 3,PARENT OBJECT3 NAME,PARENT OBJECT 4,PARENT OBJECT4 NAME,PARENT OBJECT 5,PARENT OBJECT5 NAME
HART_DEVICE_TEMPLATE,TYPE,NAME,CATEGORY,MANUFACTURER,HART_DEVICE_TYPE,REVISION,DDREV,user,time,DESCRIPTION,TYPE,SUBTYPE,FACEPLATE_DISPLAY_NAME,PRIMARY_CONTROL_DISPLAY,ALARMS_ENABLED
HART_DEVICE_TEMPLATE_data,TYPE,NAME,CATEGORY,MANUFACTURER,ATTRIBUTE NAME,ATTRIBUTE VALUE,PARENT OBJECT 1,PARENT OBJECT 1 NAME,PARENT OBJECT 2,PARENT OBJECT2 NAME,PARENT OBJECT 3,PARENT OBJECT3 NAME,PARENT OBJECT 4,PARENT OBJECT4 NAME,PARENT OBJECT 5,PARENT OBJECT5 NAME
ETHERNET_IO_EIP_LOGICAL_DEVICE,TYPE,NAME,PHYSICAL_DEVICE,PORT,CONTROLLER,user,time,MESSAGING_CLASS,REQUESTED_PACKET_INTERVAL,INPUT_SIZE,OUTPUT_SIZE,INPUT_ASSEMBLY_INSTANCE,OUTPUT_ASSEMBLY_INSTANCE,CONFIGURATION_ASSEMBLY_ID
ETHERNET_IO_EIP_LOGICAL_DEVICE_data,TYPE,NAME,PHYSICAL_DEVICE,PORT,ATTRIBUTE NAME,ATTRIBUTE VALUE,PARENT OBJECT 1,PARENT OBJECT 1 NAME,PARENT OBJECT 2,PARENT OBJECT2 NAME,PARENT OBJECT 3,PARENT OBJECT3 NAME,PARENT OBJECT 4,PARENT OBJECT4 NAME,PARENT OBJECT 5,PARENT OBJECT5 NAME
ETHERNET_IO_OPC_UA_LOGICAL_DEVICE,TYPE,NAME,PHYSICAL_DEVICE,PORT,CONTROLLER,user,time,SUBSCRIPTION_ENABLED,MONITORING_ENABLED,PUBLISH_INTERVAL,LIFETIME_COUNT,MAX_KEEP_ALIVE_COUNT,MAX_NOTIFICATIONS_PER_PUBLISH,PRIORITY,PUBLISHING_ENABLED,MONITORING_MODE,SAMPLING_INTERVAL,QUEUE_SIZE,DISCARD_OLDEST,DATA_CHANGE_FILTER_ENABLED,DATA_CHANGE_TRIGGER,DEADBAND_TYPE,DEADBAND_VALUE
ETHERNET_IO_OPC_UA_LOGICAL_DEVICE_data,TYPE,NAME,PHYSICAL_DEVICE,PORT,ATTRIBUTE NAME,ATTRIBUTE VALUE,PARENT OBJECT 1,PARENT OBJECT 1 NAME,PARENT OBJECT 2,PARENT OBJECT2 NAME,PARENT OBJECT 3,PARENT OBJECT3 NAME,PARENT OBJECT 4,PARENT OBJECT4 NAME,PARENT OBJECT 5,PARENT OBJECT5 NAME
LOGIC_SOLVER_CARD,TYPE,CARD_SLOT,IO_SUBSYSTEM,CONTROLLER,DEFINITION,user,time,DESCRIPTION,REDUNDANT,AUTO_SWITCHBACK_ENABLE
LOGIC_SOLVER_CARD_data,TYPE,CARD_SLOT,IO_SUBSYSTEM,CONTROLLER,ATTRIBUTE NAME,ATTRIBUTE VALUE,PARENT OBJECT 1,PARENT OBJECT 1 NAME,PARENT OBJECT 2,PARENT OBJECT2 NAME,PARENT OBJECT 3,PARENT OBJECT3 NAME,PARENT OBJECT 4,PARENT OBJECT4 NAME,PARENT OBJECT 5,PARENT OBJECT5 NAME
PROFIBUS_CARD,TYPE,CARD_SLOT,IO_SUBSYSTEM,CONTROLLER,DEFINITION,user,time,DESCRIPTION,REDUNDANT,AUTO_SWITCHBACK_ENABLE
PROFIBUS_CARD_data,TYPE,CARD_SLOT,IO_SUBSYSTEM,CONTROLLER,ATTRIBUTE NAME,ATTRIBUTE VALUE,PARENT OBJECT 1,PARENT OBJECT 1 NAME,PARENT OBJECT 2,PARENT OBJECT2 NAME,PARENT OBJECT 3,PARENT OBJECT3 NAME,PARENT OBJECT 4,PARENT OBJECT4 NAME,PARENT OBJECT 5,PARENT OBJECT5 NAME
PROFIBUS_DEVICE,TYPE,NAME,MANUFACTURER,MODEL,REVISION,user,time,ENABLED,FAILSAFE,WATCHDOG_TIMER_ENABLE,WATCHDOG_TIMER_VALUE,DEVICE_TYPE_NAME
PROFIBUS_DEVICE_data,TYPE,NAME,MANUFACTURER,MODEL,ATTRIBUTE NAME,ATTRIBUTE VALUE,PARENT OBJECT 1,PARENT OBJECT 1 NAME,PARENT OBJECT 2,PARENT OBJECT2 NAME,PARENT OBJECT 3,PARENT OBJECT3 NAME,PARENT OBJECT 4,PARENT OBJECT4 NAME,PARENT OBJECT 5,PARENT OBJECT5 NAME
LOGIC_SOLVER,TYPE,NAME,user,time,DESCRIPTION,SISNET_DOMAIN,LAST_GENERATED_CRC,LAST_DOWNLOADED_CRC,GLOBAL_SLOT,DLOAD_SLOT,PUBLISHER_TYPE,PRIMARY_CONTROL_DISPLAY,INSTRUMENT_AREA_DISPLAY,DETAIL_DISPLAY,SCAN_RATE,ENABLE_FAST_IO_UPDATES,ASSIGNED_CARD,TEST_INTERVAL_TIME,REMINDER_TIME,AUTO_PROOF_TEST,REDUCED_STATUS
LOGIC_SOLVER_data,TYPE,NAME,user,time,ATTRIBUTE NAME,ATTRIBUTE VALUE,PARENT OBJECT 1,PARENT OBJECT 1 NAME,PARENT OBJECT 2,PARENT OBJECT2 NAME,PARENT OBJECT 3,PARENT OBJECT3 NAME,PARENT OBJECT 4,PARENT OBJECT4 NAME,PARENT OBJECT 5,PARENT OBJECT5 NAME
BATCH_EQUIPMENT_PROCESS_CELL,TYPE,NAME,CLASS,user,time,ID,MAX_OWNERS,MMI_PICTURE
BATCH_EQUIPMENT_PROCESS_CELL_data,TYPE,NAME,CLASS,user,ATTRIBUTE NAME,ATTRIBUTE VALUE,PARENT OBJECT 1,PARENT OBJECT 1 NAME,PARENT OBJECT 2,PARENT OBJECT2 NAME,PARENT OBJECT 3,PARENT OBJECT3 NAME,PARENT OBJECT 4,PARENT OBJECT4 NAME,PARENT OBJECT 5,PARENT OBJECT5 NAME
LOGICSOLVER_INSTALLATION_RECORDS,TYPE,NAME,user,time,SYSTEM_ID,COMMISSIONED
LOGICSOLVER_INSTALLATION_RECORDS_data,TYPE,NAME,user,time,ATTRIBUTE NAME,ATTRIBUTE VALUE,PARENT OBJECT 1,PARENT OBJECT 1 NAME,PARENT OBJECT 2,PARENT OBJECT2 NAME,PARENT OBJECT 3,PARENT OBJECT3 NAME,PARENT OBJECT 4,PARENT OBJECT4 NAME,PARENT OBJECT 5,PARENT OBJECT5 NAME
BATCH_UNIT_SELECTION_POLICY,TYPE,NAME,CATEGORY,user,time,PRIORITY_CHOICE,EXPRESSION
BATCH_UNIT_SELECTION_POLICY_data,TYPE,NAME,CATEGORY,user,ATTRIBUTE NAME,ATTRIBUTE VALUE,PARENT OBJECT 1,PARENT OBJECT 1 NAME,PARENT OBJECT 2,PARENT OBJECT2 NAME,PARENT OBJECT 3,PARENT OBJECT3 NAME,PARENT OBJECT 4,PARENT OBJECT4 NAME,PARENT OBJECT 5,PARENT OBJECT5 NAME
BATCH_EQUIPMENT_TRAIN_CLASS,TYPE,NAME,CATEGORY,user,time
BATCH_EQUIPMENT_TRAIN_CLASS_data,TYPE,NAME,CATEGORY,user,ATTRIBUTE NAME,ATTRIBUTE VALUE,PARENT OBJECT 1,PARENT OBJECT 1 NAME,PARENT OBJECT 2,PARENT OBJECT2 NAME,PARENT OBJECT 3,PARENT OBJECT3 NAME,PARENT OBJECT 4,PARENT OBJECT4 NAME,PARENT OBJECT 5,PARENT OBJECT5 NAME
BATCH_EQUIPMENT_TRAIN,TYPE,NAME,CLASS,CATEGORY,user,time
BATCH_EQUIPMENT_TRAIN_data,TYPE,NAME,CLASS,CATEGORY,ATTRIBUTE NAME,ATTRIBUTE VALUE,PARENT OBJECT 1,PARENT OBJECT 1 NAME,PARENT OBJECT 2,PARENT OBJECT2 NAME,PARENT OBJECT 3,PARENT OBJECT3 NAME,PARENT OBJECT 4,PARENT OBJECT4 NAME,PARENT OBJECT 5,PARENT OBJECT5 NAME
LOCAL_SAFETY_NETWORK_BRIDGE,TYPE,NAME,CONTROLLER,user,time,DESCRIPTION,MAC_HARDWARE_ADDRESS,SECOND_MAC_HARDWARE_ADDRESS,LAST_GENERATED_CRC,LAST_DOWNLOADED_CRC,LOCAL_SAFETY_NETWORK_BRIDGE_ID,DOMAIN_NAME,DOMAIN_ID,HARDWARE_ALARMS_ENABLED,PRIMARY_CONTROL_DISPLAY,INSTRUMENT_AREA_DISPLAY,DETAIL_DISPLAY,AUTO_UPGRADE
LOCAL_SAFETY_NETWORK_BRIDGE_data,TYPE,NAME,CONTROLLER,user,ATTRIBUTE NAME,ATTRIBUTE VALUE,PARENT OBJECT 1,PARENT OBJECT 1 NAME,PARENT OBJECT 2,PARENT OBJECT2 NAME,PARENT OBJECT 3,PARENT OBJECT3 NAME,PARENT OBJECT 4,PARENT OBJECT4 NAME,PARENT OBJECT 5,PARENT OBJECT5 NAME
ENCRYPTED,TYPE,NAME,user,time,CONTENTS
ENCRYPTED_data,TYPE,NAME,user,time,ATTRIBUTE NAME,ATTRIBUTE VALUE,PARENT OBJECT 1,PARENT OBJECT 1 NAME,PARENT OBJECT 2,PARENT OBJECT2 NAME,PARENT OBJECT 3,PARENT OBJECT3 NAME,PARENT OBJECT 4,PARENT OBJECT4 NAME,PARENT OBJECT 5,PARENT OBJECT5 NAME
LOCAL_SAFETY_NETWORK_BRIDGE_INSTALLATION_RECORDS,TYPE,NAME,user,time,SYSTEM_ID,COMMISSIONED
LOCAL_SAFETY_NETWORK_BRIDGE_INSTALLATION_RECORDS_data,TYPE,NAME,user,time,ATTRIBUTE NAME,ATTRIBUTE VALUE,PARENT OBJECT 1,PARENT OBJECT 1 NAME,PARENT OBJECT 2,PARENT OBJECT2 NAME,PARENT OBJECT 3,PARENT OBJECT3 NAME,PARENT OBJECT 4,PARENT OBJECT4 NAME,PARENT OBJECT 5,PARENT OBJECT5 NAME
SCANNER_NODE,TYPE,NAME,user,time,DESCRIPTION,ID,DEVICE_INDEX,REDUNDANT,MAC_HARDWARE_ADDRESS,SECOND_MAC_HARDWARE_ADDRESS,REPORT_TIME_OUT_OF_SYNC_ERRORS,COLD_RESTART_TIME,PLANT_AREA,HARDWARE_ALARMS_ENABLED,PRIMARY_CONTROL_DISPLAY,INSTRUMENT_AREA_DISPLAY,DETAIL_DISPLAY
SCANNER_NODE_data,TYPE,NAME,user,time,ATTRIBUTE NAME,ATTRIBUTE VALUE,PARENT OBJECT 1,PARENT OBJECT 1 NAME,PARENT OBJECT 2,PARENT OBJECT2 NAME,PARENT OBJECT 3,PARENT OBJECT3 NAME,PARENT OBJECT 4,PARENT OBJECT4 NAME,PARENT OBJECT 5,PARENT OBJECT5 NAME
SIMPLE_IO_CARD_TEMPLATE,TYPE,NAME,user,time,FOR_ANY_FUNCTIONALITY,CATEGORY
SIMPLE_IO_CARD_TEMPLATE_data,TYPE,NAME,user,time,ATTRIBUTE NAME,ATTRIBUTE VALUE,PARENT OBJECT 1,PARENT OBJECT 1 NAME,PARENT OBJECT 2,PARENT OBJECT2 NAME,PARENT OBJECT 3,PARENT OBJECT3 NAME,PARENT OBJECT 4,PARENT OBJECT4 NAME,PARENT OBJECT 5,PARENT OBJECT5 NAME
AUTOMATED_LOOP_TEST_TEMPLATE,TYPE,NAME,user,time,CATEGORY,CLASS_DEFINITION,SETTLING_TIME,VALUE_UNITS
AUTOMATED_LOOP_TEST_TEMPLATE_data,TYPE,NAME,user,time,ATTRIBUTE NAME,ATTRIBUTE VALUE,PARENT OBJECT 1,PARENT OBJECT 1 NAME,PARENT OBJECT 2,PARENT OBJECT2 NAME,PARENT OBJECT 3,PARENT OBJECT3 NAME,PARENT OBJECT 4,PARENT OBJECT4 NAME,PARENT OBJECT 5,PARENT OBJECT5 NAME
DST_TEMPLATE,TYPE,NAME,user,time,CATEGORY,DEFAULTFORTYPE
DST_TEMPLATE_data,TYPE,NAME,user,time,ATTRIBUTE NAME,ATTRIBUTE VALUE,PARENT OBJECT 1,PARENT OBJECT 1 NAME,PARENT OBJECT 2,PARENT OBJECT2 NAME,PARENT OBJECT 3,PARENT OBJECT3 NAME,PARENT OBJECT 4,PARENT OBJECT4 NAME,PARENT OBJECT 5,PARENT OBJECT5 NAME
ACTUATOR_SENSOR_INTERFACE_CARD,TYPE,CARD_SLOT,IO_SUBSYSTEM,CONTROLLER,DEFINITION,user,time,DESCRIPTION
ACTUATOR_SENSOR_INTERFACE_CARD_data,TYPE,CARD_SLOT,IO_SUBSYSTEM,CONTROLLER,ATTRIBUTE NAME,ATTRIBUTE VALUE,PARENT OBJECT 1,PARENT OBJECT 1 NAME,PARENT OBJECT 2,PARENT OBJECT2 NAME,PARENT OBJECT 3,PARENT OBJECT3 NAME,PARENT OBJECT 4,PARENT OBJECT4 NAME,PARENT OBJECT 5,PARENT OBJECT5 NAME
ACTUATOR_SENSOR_INTERFACE_DEVICE,TYPE,NAME,DEVICE_TYPE,user,time,ENABLED
ACTUATOR_SENSOR_INTERFACE_DEVICE_data,TYPE,NAME,DEVICE_TYPE,user,ATTRIBUTE NAME,ATTRIBUTE VALUE,PARENT OBJECT 1,PARENT OBJECT 1 NAME,PARENT OBJECT 2,PARENT OBJECT2 NAME,PARENT OBJECT 3,PARENT OBJECT3 NAME,PARENT OBJECT 4,PARENT OBJECT4 NAME,PARENT OBJECT 5,PARENT OBJECT5 NAME
